,पद,आवृति,गणपाठ,प्रथम श्लोक,अन्त
0,च,291,चादि,1,अ
1,न,205,-,2,अ
2,एव,137,चादि,1,अ
3,अहम्,88,-,22,म्
4,अपि,81,प्रादि,27,इ
5,माम्,72,-,46,म्
6,हि,64,-,11,इ
7,सस्,62,-,13,स्
8,तत्,58,चादि,10,त्
9,ते,56,-,7,ए
10,यस्,53,-,5,स्
11,तु,51,चादि,2,उ
12,यत्,49,चादि,19,त्
13,मे,47,-,17,ए
14,तथा,41,चादि,8,आ
15,इति,37,चादि,25,इ
16,अस्मि,35,-,22,इ
17,इदम्,31,-,10,म्
18,त्वम्,30,-,58,म्
19,एवम्,28,चादि,24,म्
20,पार्थ,26,-,25,अ
21,ये,25,-,3,ए
22,परम्,25,स्वरादि,59,म्
23,ज्ञानम्,23,-,158,म्
24,कर्म,22,-,15,अ
25,मम,21,-,7,अ
26,अयम्,21,-,66,म्
27,ततस्,20,-,13,स्
28,किम्,20,चादि,1,म्
29,कौन्तेय,19,-,27,अ
30,विद्धि,19,-,64,इ
31,अर्जुन,19,-,49,अ
32,त्वाम्,18,-,54,म्
33,मनस्,18,-,30,स्
34,मयि,18,-,149,इ
35,एतत्,18,-,50,त्
36,उच्यते,18,-,72,ए
37,तस्मात्,18,-,65,त्
38,तस्य,18,-,12,अ
39,योगी,17,-,228,ई
40,यथा,17,चादि,11,आ
41,ब्रह्म,17,-,119,अ
42,भारत,17,-,24,अ
43,इह,17,-,52,अ
44,तम्,16,-,10,म्
45,मया,16,-,22,आ
46,एनम्,16,-,66,म्
47,आत्मानम्,16,-,162,म्
48,तव,16,-,3,अ
49,अस्ति,15,स्वरादि,87,इ
50,अस्य,15,-,64,अ
51,सर्वम्,14,-,64,म्
52,इव,14,चादि,30,अ
53,बुद्धिस्,14,-,88,स्
54,सर्वे,14,-,6,ए
55,योगम्,14,-,100,म्
56,भवति,13,-,40,इ
57,वा,13,चादि,1,आ
58,असि,13,चादि,165,इ
59,भूतानि,13,-,75,इ
60,यान्ति,13,-,152,इ
61,युक्तस्,12,-,86,स्
62,अव्ययम्,12,-,68,म्
63,महाबाहो,12,-,73,ओ
64,यदा,12,-,19,आ
65,सुखम्,12,-,62,म्
66,तदा,12,-,2,आ
67,प्रकृतिम्,11,-,152,म्
68,रूपम्,11,-,162,म्
69,दृष्ट्वा,11,-,2,आ
70,कर्माणि,11,-,95,इ
71,भूयस्,10,स्वरादि,67,स्
72,इन्द्रियाणि,10,-,105,इ
73,देहे,10,-,60,ए
74,त्यक्त्वा,10,-,33,आ
75,ज्ञात्वा,10,-,177,आ
76,तान्,10,-,7,न्
77,आत्मनि,10,-,102,इ
78,मत्,10,-,95,त्
79,पुनर्,10,स्वरादि,197,र्
80,सत्त्वम्,10,-,408,म्
81,जगत्,10,-,285,त्
82,तत्र,10,चादि,26,अ
83,पश्यति,10,-,76,इ
84,तेषाम्,9,-,10,म्
85,योगस्,9,-,95,स्
86,प्रियस्,9,-,297,स्
87,श्रेयस्,9,-,31,स्
88,परन्तप,9,-,50,अ
89,आत्मा,9,-,162,आ
90,आत्मनस्,9,-,220,स्
91,अथ,9,स्वरादि,20,अ
92,कथम्,9,चादि,37,म्
93,पुरुषस्,9,-,68,स्
94,वेत्ति,9,-,66,इ
95,नित्यम्,9,स्वरादि,68,म्
96,पश्य,8,-,3,अ
97,आत्मना,8,-,102,आ
98,सर्वाणि,8,-,77,इ
99,सर्वशस्,8,-,18,स्
100,विद्यते,8,-,63,ए
101,परमम्,8,-,313,म्
102,भव,8,-,8,अ
103,कृष्ण,8,-,28,अ
104,कर्मणि,8,-,94,इ
105,अर्हसि,8,-,72,इ
106,कश्चित्,8,-,64,त्
107,एतान्,8,-,22,न्
108,द्रष्टुम्,8,-,417,म्
109,प्राप्य,8,-,104,अ
110,विदुस्,8,-,164,स्
111,एते,8,-,10,ए
112,कृत्स्नम्,8,-,40,म्
113,नमस्,7,स्वरादि,352,स्
114,शान्तिम्,7,-,117,म्
115,यदि,7,-,38,इ
116,पुरुषम्,7,-,62,म्
117,गतिम्,7,-,90,म्
118,फलम्,7,-,98,म्
119,मा,7,स्वरादि,1,आ
120,येन,7,-,32,अ
121,भूत्वा,7,-,67,आ
122,अत्र,7,-,4,अ
123,इमम्,7,-,28,म्
124,सर्वान्,7,-,27,न्
125,अपरे,7,-,187,ए
126,पश्यामि,7,-,31,इ
127,अक्षरम्,7,-,313,म्
128,विशन्ति,7,-,117,इ
129,रजस्,7,-,156,स्
130,सर्वतस्,7,-,93,स्
131,याति,7,-,69,इ
132,यम्,7,-,2,म्
133,तमस्,7,-,198,स्
134,जन्म,6,-,74,अ
135,सर्वेषु,6,-,11,उ
136,मनसा,6,-,125,आ
137,सर्वत्र,6,-,104,अ
138,ज्ञेयम्,6,-,39,म्
139,तेषु,6,-,109,उ
140,अधिगच्छति,6,-,111,इ
141,स्थितस्,6,-,208,स्
142,अन्यस्,6,-,76,स्
143,दुःखम्,6,-,210,म्
144,भूतानाम्,6,-,116,म्
145,येषाम्,6,-,33,म्
146,भरतर्षभ,6,-,160,अ
147,अन्ये,6,-,9,ए
148,लोके,6,-,52,ए
149,जनार्दन,6,-,36,अ
150,पापम्,6,-,36,म्
151,भक्त्या,6,-,320,आ
152,तेन,6,-,32,अ
153,पराम्,6,-,201,म्
154,अस्मिन्,6,-,22,न्
155,कृत्वा,6,-,85,आ
156,सर्वभूतानाम्,6,-,116,म्
157,गुणान्,6,-,509,न्
158,धनञ्जय,6,-,15,अ
159,क्षेत्रम्,6,-,490,म्
160,लोकस्,6,-,128,स्
161,समस्,6,-,95,स्
162,सर्वस्य,5,-,77,अ
163,उभयोस्,5,-,21,स्
164,अन्यत्,5,स्वरादि,78,त्
165,एकम्,5,-,121,म्
166,दिव्यम्,5,-,171,म्
167,श्रद्धया,5,-,270,आ
168,ब्रह्मणस्,5,-,194,स्
169,भावम्,5,-,172,म्
170,कर्मणस्,5,-,120,स्
171,पर्युपासते,5,-,187,ए
172,मद्भक्तस्,5,-,372,स्
173,केशव,5,-,31,अ
174,अन्तस्,5,-,63,स्
175,अस्तु,5,-,94,उ
176,गच्छन्ति,5,-,98,इ
177,कर्तुम्,5,-,45,म्
178,योगिनस्,5,-,187,स्
179,विशिष्यते,5,-,126,ए
180,आहुस्,5,-,161,स्
181,एषस्,5,-,129,स्
182,नस्,5,-,2,स्
183,वेद,5,-,68,अ
184,लोकान्,5,-,274,न्
185,इच्छामि,5,-,35,इ
186,अश्नुते,5,-,123,ए
187,उक्त्वा,5,-,56,आ
188,असत्,5,-,357,त्
189,स्यात्,5,-,36,त्
190,समम्,5,स्वरादि,223,म्
191,सदा,5,स्वरादि,232,आ
192,जायते,5,-,29,ए
193,उपासते,5,-,352,ए
194,चेत्,5,चादि,80,त्
195,जुह्वति,5,-,187,इ
196,सततम्,5,-,138,म्
197,किञ्चित्,5,-,182,त्
198,त्वया,4,-,266,आ
199,मतस्,4,-,82,स्
200,शृणु,4,-,86,उ
201,कुतस्,4,-,49,स्
202,अमृतम्,4,-,357,म्
203,अहर्,4,-,327,र्
204,कर्मणाम्,4,-,123,म्
205,तमसस्,4,-,319,स्
206,दिशस्,4,-,246,स्
207,इमे,4,-,33,ए
208,प्रपद्यन्ते,4,-,173,ए
209,सिद्धिम्,4,-,123,म्
210,राज्यम्,4,-,32,म्
211,हत्वा,4,-,31,आ
212,मधुसूदन,4,-,35,अ
213,धर्मस्य,4,-,87,अ
214,प्रकृतेस्,4,-,146,स्
215,अवाप्स्यसि,4,-,80,इ
216,कश्चन,4,-,137,अ
217,आस्थितस्,4,-,208,स्
218,सर्वभूतानि,4,-,262,इ
219,सर्वभूतेषु,4,-,137,उ
220,स्वजनम्,4,-,28,म्
221,सत्,4,-,92,त्
222,यत्र,4,चादि,128,अ
223,तत्त्वतस्,4,-,171,स्
224,गुणैस्,4,-,124,स्
225,पिता,4,-,12,आ
226,लोकास्,4,-,143,स्
227,अनेन,4,-,129,अ
228,अजम्,4,-,68,म्
229,आप्नोति,4,-,117,इ
230,सखा,4,-,165,आ
231,द्वेष्टि,4,-,104,इ
232,त्वत्,4,-,272,त्
233,देवास्,4,-,130,स्
234,ततम्,4,-,64,म्
235,वायुस्,4,-,114,स्
236,असक्तस्,4,-,126,स्
237,करोति,4,-,182,इ
238,प्रवक्ष्यामि,4,-,178,इ
239,यस्य,4,-,7,अ
240,संयम्य,4,-,108,अ
241,मत्तस्,4,-,287,स्
242,तानि,4,-,31,इ
243,तैस्,4,-,14,स्
244,अग्निस्,4,-,199,स्
245,कामान्,4,-,22,न्
246,पाण्डव,4,-,1,अ
247,जनास्,4,-,296,स्
248,अतस्,4,-,59,स्
249,उक्तम्,4,-,415,म्
250,देही,4,-,69,ई
251,मुनिस्,4,-,103,स्
252,प्रतिष्ठिता,4,-,104,आ
253,कुर्वन्,4,-,144,न्
254,प्रज्ञा,4,-,58,आ
255,उत्तमम्,4,-,165,म्
256,मध्ये,4,-,21,ए
257,तेजस्,4,-,289,स्
258,ब्रह्मनिर्वाणम्,4,-,119,म्
259,उवाच,4,-,25,अ
260,आगमे,4,-,328,ए
261,कुरु,4,-,1,उ
262,उत्तिष्ठ,4,-,50,अ
263,मतम्,4,-,150,म्
264,अज्ञानम्,4,-,220,म्
265,भूतेषु,4,-,137,उ
266,सह,4,चादि,13,अ
267,शक्यस्,4,-,269,स्
268,एति,4,-,171,इ
269,परस्,4,-,108,स्
270,देवान्,4,-,130,न्
271,ऐश्वरम्,4,-,343,म्
272,अव्यक्तम्,4,-,304,म्
273,भक्तास्,4,-,303,स्
274,सेनयोस्,4,-,21,स्
275,कर्मसु,4,-,97,उ
276,प्रजास्,3,-,129,स्
277,उत,3,-,6,अ
278,योगिनाम्,3,-,122,म्
279,वस्,3,-,1,स्
280,एषा,3,-,42,आ
281,नरस्,3,-,69,स्
282,आदिस्,3,-,374,स्
283,विहाय,3,-,69,अ
284,मत्स्थानि,3,-,342,इ
285,आद्यम्,3,-,338,म्
286,युध्यस्व,3,-,65,अ
287,निधानम्,3,-,356,म्
288,मन्यते,3,-,66,ए
289,भावस्,3,-,54,स्
290,सन्तुष्टस्,3,-,136,स्
291,बोद्धव्यम्,3,-,179,म्
292,चित्तम्,3,-,251,म्
293,ज्योतिस्,3,-,228,स्
294,मृत्युस्,3,-,74,स्
295,धाम,3,-,6,अ
296,परमात्मा,3,-,240,आ
297,नियम्य,3,-,126,अ
298,मानापमानयोस्,3,-,240,स्
299,अवशस्,3,-,124,स्
300,समग्रम्,3,-,185,म्
301,प्रभुस्,3,-,218,स्
302,लभन्ते,3,-,79,ए
303,प्रकाशयति,3,-,220,इ
304,आश्चर्यवत्,3,-,76,त्
305,श्रुत्वा,3,-,76,आ
306,उपपद्यते,3,-,50,ए
307,अभिजानाति,3,-,176,इ
308,स्मरन्,3,-,125,न्
309,हे,3,स्वरादि,4,ए
310,मोक्ष्यसे,3,-,178,ए
311,जातु,3,चादि,59,उ
312,इन्द्रियाणाम्,3,-,55,म्
313,इन्द्रियार्थेषु,3,-,213,उ
314,पण्डितास्,3,-,58,स्
315,ब्रह्मणि,3,-,214,इ
316,कुरुते,3,-,140,ए
317,आपस्,3,-,70,स्
318,योगेन,3,-,122,अ
319,वचस्,3,-,57,स्
320,गतिस्,3,-,179,स्
321,कार्यम्,3,-,136,म्
322,अकर्मणस्,3,-,127,स्
323,सनातनस्,3,-,71,स्
324,युञ्जन्,3,-,248,न्
325,परमाम्,3,-,248,म्
326,अव्यक्तस्,3,-,72,स्
327,कारणम्,3,-,236,म्
328,देहिनम्,3,-,159,म्
329,स्थानम्,3,-,209,म्
330,उभौ,3,-,66,औ
331,निर्ममस्,3,-,118,स्
332,विश्वम्,3,-,433,म्
333,पाण्डवस्,3,-,14,स्
334,पुरुषोत्तम,3,-,311,अ
335,गुणास्,3,-,147,स्
336,धार्तराष्ट्रान्,3,-,20,न्
337,शरीरे,3,-,29,ए
338,केचित्,3,-,435,त्
339,भक्तस्,3,-,165,स्
340,सम्यक्,3,-,208,क्
341,प्रोक्तस्,3,-,165,स्
342,विषयान्,3,-,109,न्
343,महत्,3,-,45,त्
344,उपैति,3,-,260,इ
345,प्रकृतिस्,3,-,284,स्
346,सर्वकर्माणि,3,-,145,इ
347,कालस्,3,-,402,स्
348,अजानन्तस्,3,-,304,स्
349,अमी,3,-,435,ई
350,प्रयाणकाले,3,-,310,ए
351,त्रीन्,3,-,544,न्
352,काङ्क्षति,3,-,207,इ
353,सङ्गम्,3,-,2,म्
354,निराशीस्,3,-,149,स्
355,संन्यस्य,3,-,149,अ
356,देवेश,3,-,439,अ
357,भीष्मम्,3,-,11,म्
358,सा,3,-,4,आ
359,बलम्,3,-,10,म्
360,प्राणम्,3,-,191,म्
361,भजन्ते,3,-,296,ए
362,बहवस्,3,-,9,स्
363,वक्त्राणि,3,-,441,इ
364,अध्यात्मम्,3,-,309,म्
365,वक्ष्यामि,3,-,178,इ
366,निबध्नन्ति,3,-,203,इ
367,मत्वा,3,-,147,आ
368,वर्तन्ते,3,-,106,ए
369,अधिकस्,3,-,279,स्
370,उपजायते,3,-,109,ए
371,आवृतम्,3,-,157,म्
372,एकस्थम्,3,-,421,म्
373,हन्तुम्,3,-,35,म्
374,योगयुक्तस्,3,-,210,स्
375,कुरुनन्दन,3,-,88,अ
376,अशेषतस्,3,-,257,स्
377,मध्यम्,3,-,392,म्
378,धनञ्जयस्,3,-,15,स्
379,हृषीकेशस्,3,-,15,स्
380,एताम्,3,-,3,म्
381,अब्रवीत्,3,-,2,त्
382,प्रणम्य,3,-,428,अ
383,स्वयम्,3,स्वरादि,200,म्
384,याम्,3,-,81,म्
385,लिप्यते,3,-,211,ए
386,बीजम्,3,-,290,म्
387,का,3,-,1,आ
388,पवित्रम्,3,-,200,म्
389,वयम्,3,-,37,म्
390,बुद्ध्या,3,-,86,आ
391,देव,3,-,15,अ
392,आवृत्य,3,-,159,अ
393,पश्यन्,3,-,38,न्
394,वासुदेवस्,3,-,299,स्
395,अथवा,3,-,275,आ
396,प्रभवस्,3,-,286,स्
397,आसीत,3,-,101,अ
398,सञ्जायते,3,-,109,ए
399,कामस्,3,-,109,स्
400,यतस्,3,-,109,स्
401,लभते,3,-,201,ए
402,अभिजायते,3,-,109,ए
403,भावास्,3,-,292,स्
404,ज्ञानी,3,-,296,ई
405,संशयस्,3,-,272,स्
406,ज्ञानिनस्,3,-,158,स्
407,प्रणश्यति,3,-,110,इ
408,प्रसीद,3,-,439,अ
409,मोहस्,2,-,110,स्
410,अनन्तम्,2,-,425,म्
411,समुद्रम्,2,-,117,म्
412,असक्तम्,2,-,347,म्
413,पावकस्,2,-,70,स्
414,महात्मन्,2,-,434,न्
415,एकस्,2,-,421,स्
416,यतयस्,2,-,190,स्
417,देवम्,2,-,384,म्
418,भस्मसात्,2,-,199,त्
419,प्रव्यथितम्,2,-,434,म्
420,जितस्,2,-,17,स्
421,निबध्यते,2,-,184,ए
422,प्रविशन्ति,2,-,117,इ
423,सचराचरम्,2,-,348,म्
424,स्थितम्,2,-,28,म्
425,कम्,2,स्वरादि,2,म्
426,मुनेस्,2,-,116,स्
427,निशा,2,-,116,आ
428,अप्रमेयम्,2,-,431,म्
429,नित्यस्,2,-,65,स्
430,अजस्,2,-,67,स्
431,क्रोधस्,2,-,103,स्
432,समन्तात्,2,-,431,त्
433,प्रजापतिस्,2,-,129,स्
434,गदिनम्,2,-,431,म्
435,किरीटिनम्,2,-,431,म्
436,इन्द्रियैस्,2,-,111,स्
437,हन्यते,2,-,66,ए
438,विमुक्तस्,2,-,366,स्
439,हन्ति,2,-,66,इ
440,कृताञ्जलिस्,2,-,428,स्
441,शान्तिस्,2,-,113,स्
442,ईशम्,2,-,429,म्
443,पुराणस्,2,-,67,स्
444,विश्वस्य,2,-,432,अ
445,उदासीनवत्,2,-,347,त्
446,अव्ययस्,2,-,64,स्
447,असम्मूढस्,2,-,224,स्
448,अन्तरम्,2,-,434,म्
449,इन्द्रियार्थेभ्यस्,2,-,105,स्
450,अहिंसा,2,-,377,आ
451,नवानि,2,-,69,इ
452,अशेषेण,2,-,197,अ
453,जीर्णानि,2,-,69,इ
454,विसृजामि,2,-,345,इ
455,समाचर,2,-,128,अ
456,रसस्,2,-,106,स्
457,मोहम्,2,-,197,म्
458,निवर्तते,2,-,106,ए
459,भासस्,2,-,426,स्
460,प्रसभम्,2,-,107,म्
461,मत्परस्,2,-,108,स्
462,आदौ,2,-,160,औ
463,पुरा,2,स्वरादि,67,आ
464,स्थितधीस्,2,-,101,स्
465,ज्ञानेन,2,-,200,अ
466,समृद्धवेगास्,2,-,443,स्
467,यास्यसि,2,-,82,इ
468,नाशाय,2,-,170,अ
469,महर्षीणाम्,2,-,374,म्
470,कर्मफलम्,2,-,216,म्
471,भयात्,2,-,82,त्
472,ब्रह्माग्नौ,2,-,186,औ
473,दिव्यान्,2,-,358,न्
474,दर्शय,2,-,418,अ
475,द्रवन्ति,2,-,442,इ
476,तिष्ठति,2,-,124,इ
477,विश्वतोमुखम्,2,-,353,म्
478,बहुधा,2,-,353,आ
479,प्रभो,2,-,418,ओ
480,तया,2,-,91,आ
481,समाधौ,2,-,91,औ
482,दिवि,2,-,358,इ
483,सर्वस्,2,-,77,स्
484,लोकस्य,2,-,218,अ
485,हुतम्,2,-,186,म्
486,धाता,2,-,319,आ
487,बुद्धिम्,2,-,121,म्
488,कर्मयोगेन,2,-,122,अ
489,इमाम्,2,-,86,म्
490,युज्यस्व,2,-,85,अ
491,अनघ,2,-,122,अ
492,यया,2,-,81,आ
493,महर्षयस्,2,-,374,स्
494,यज्ञम्,2,-,187,म्
495,युद्धाय,2,-,84,अ
496,अश्विनौ,2,-,420,औ
497,भर्ता,2,-,356,आ
498,वेद्यम्,2,-,355,म्
499,व्यवसायात्मिका,2,-,88,आ
500,जित्वा,2,-,84,आ
501,बुद्धयस्,2,-,88,स्
502,देवानाम्,2,-,374,म्
503,आप्तुम्,2,-,210,म्
504,धारयन्,2,-,213,न्
505,प्रवदन्ति,2,-,89,इ
506,आधाय,2,-,214,अ
507,पृथक्,2,स्वरादि,18,क्
508,धर्म्यम्,2,-,80,म्
509,ईदृशम्,2,-,79,म्
510,अनामयम्,2,-,98,म्
511,विष्णो,2,-,438,ओ
512,निरहङ्कारस्,2,-,118,स्
513,निःस्पृहस्,2,-,118,स्
514,चरति,2,-,118,इ
515,विनश्यति,2,-,202,इ
516,शोचितुम्,2,-,72,म्
517,लोकम्,2,-,358,म्
518,प्रवृत्तिम्,2,-,445,म्
519,ध्रुवम्,2,-,74,म्
520,शरणम्,2,-,96,म्
521,लब्ध्वा,2,-,201,आ
522,क्षमा,2,स्वरादि,376,आ
523,भोक्ता,2,-,233,आ
524,श्रद्धावान्,2,-,201,न्
525,विन्दति,2,-,200,इ
526,मन्यसे,2,-,73,ए
527,तत्त्वेन,2,-,362,अ
528,विदित्वा,2,-,72,आ
529,दंष्ट्राकरालानि,2,-,439,इ
530,संशयम्,2,-,203,म्
531,नित्ययुक्तास्,2,-,352,स्
532,ऋच्छति,2,-,119,इ
533,निर्द्वन्द्वस्,2,-,92,स्
534,स्वभावस्,2,-,54,स्
535,प्रमुच्यते,2,-,207,ए
536,प्रवर्तते,2,-,218,ए
537,अर्थस्,2,-,93,स्
538,ज्ञेयस्,2,-,207,स्
539,आस्ते,2,-,125,ए
540,वेदेषु,2,-,93,उ
541,भजन्ति,2,-,351,इ
542,दर्शयामास,2,-,423,अ
543,कर्मयोगस्,2,-,206,स्
544,संन्यासस्,2,-,206,स्
545,अन्तकाले,2,-,119,ए
546,स्वधर्मम्,2,-,78,म्
547,जगन्निवास,2,-,439,अ
548,सङ्गस्,2,-,94,स्
549,अकर्मणि,2,-,94,इ
550,संन्यासम्,2,-,205,म्
551,पदम्,2,-,98,म्
552,अयुक्तस्य,2,-,113,अ
553,तौ,2,-,14,औ
554,पितॄन्,2,-,26,न्
555,सर्वेषाम्,2,-,25,म्
556,हेतुस्,2,-,94,स्
557,सर्गे,2,-,307,ए
558,सन्,2,-,44,न्
559,अपश्यत्,2,-,26,त्
560,मन्ये,2,चादि,212,ए
561,दृढव्रतास्,2,-,308,स्
562,वेत्थ,2,-,167,अ
563,वरुणस्,2,-,401,स्
564,स्वाम्,2,-,168,म्
565,सम्भवामि,2,-,168,इ
566,परया,2,-,28,आ
567,वर्तमानस्,2,-,264,स्
568,सर्वथा,2,-,264,आ
569,असंशयम्,2,-,268,म्
570,उक्तस्,2,-,24,स्
571,यमस्,2,-,401,स्
572,कर्मभिस्,2,-,150,स्
573,हृषीकेशम्,2,-,21,म्
574,वाक्यम्,2,-,21,म्
575,आह,2,-,21,अ
576,व्यक्तिम्,2,-,304,म्
577,अच्युत,2,-,21,अ
578,यावत्,2,चादि,22,त्
579,आत्मविभूतयस्,2,-,388,स्
580,युद्धे,2,-,23,ए
581,अवस्थितान्,2,-,22,न्
582,कैस्,2,-,22,स्
583,बहूनि,2,-,167,इ
584,प्रकाशस्,2,-,305,स्
585,दिव्यास्,2,-,388,स्
586,अनुतिष्ठन्ति,2,-,150,इ
587,समुपस्थितम्,2,-,28,म्
588,अधिभूतम्,2,-,311,म्
589,कुलक्षयकृतम्,2,-,38,म्
590,विचाल्यते,2,-,255,ए
591,अर्पितमनोबुद्धिस्,2,-,317,स्
592,एष्यसि,2,-,317,इ
593,कुर्वन्ति,2,-,144,इ
594,नु,2,चादि,19,उ
595,नारदस्,2,-,385,स्
596,विद्यात्,2,-,256,त्
597,युगे,2,-,170,ए
598,इन्द्रियग्रामम्,2,-,257,म्
599,अस्मान्,2,-,36,न्
600,इमास्,2,-,143,स्
601,कर्ता,2,-,143,आ
602,सुखिनस्,2,-,37,स्
603,देहम्,2,-,171,म्
604,पुनस्,2,-,171,स्
605,विद्वान्,2,-,144,न्
606,कालेषु,2,-,317,उ
607,प्रोक्तम्,2,-,311,म्
608,कलेवरम्,2,-,315,म्
609,अधियज्ञस्,2,-,312,स्
610,तत्त्ववित्,2,-,147,त्
611,क्रियमाणानि,2,-,146,इ
612,भगवन्,2,-,386,न्
613,सुखानि,2,-,32,इ
614,चञ्चलम्,2,-,259,म्
615,प्रयाति,2,-,315,इ
616,पुत्रास्,2,-,34,स्
617,अर्थे,2,-,33,ए
618,सोढुम्,2,-,227,म्
619,प्राणान्,2,-,33,न्
620,व्यासस्,2,-,385,स्
621,शनैस्,2,स्वरादि,258,स्
622,पितरस्,2,-,34,स्
623,अप्राप्य,2,-,270,अ
624,भवतस्,2,-,166,स्
625,गच्छति,2,-,111,इ
626,अस्माकम्,2,-,7,म्
627,इतस्,2,-,285,स्
628,गुणेभ्यस्,2,-,543,स्
629,इयम्,2,-,284,म्
630,सौभद्रस्,2,-,6,स्
631,द्रौपदेयास्,2,-,6,स्
632,महारथास्,2,-,6,स्
633,अहङ्कारस्,2,-,284,स्
634,एतेन,2,-,158,अ
635,रजसस्,2,-,540,स्
636,गुडाकेश,2,-,24,अ
637,सिद्धानाम्,2,-,283,म्
638,भवान्,2,-,8,न्
639,भीष्मस्,2,-,8,स्
640,चेतना,2,-,394,आ
641,वीर्यवान्,2,-,5,न्
642,तामसास्,2,-,292,स्
643,अपरम्,2,-,166,म्
644,तुल्यस्,2,-,549,स्
645,ज्योतिषाम्,2,-,393,म्
646,तपस्,2,-,279,स्
647,रविस्,2,-,327,स्
648,तेजस्विनाम्,2,-,290,म्
649,राजा,2,-,2,आ
650,वचनम्,2,-,2,म्
651,प्रलयस्,2,-,286,स्
652,महारथस्,2,-,4,स्
653,जगतस्,2,-,286,स्
654,शूरास्,2,-,4,स्
655,उपधारय,2,-,286,अ
656,राजसास्,2,-,292,स्
657,विराटस्,2,-,4,स्
658,द्रुपदस्,2,-,4,स्
659,बुद्धेस्,2,-,23,स्
660,मूढास्,2,-,148,स्
661,प्रलयम्,2,-,538,म्
662,तयोस्,2,-,153,स्
663,अन्ते,2,-,299,ए
664,महात्मा,2,-,299,आ
665,श्रेयान्,2,-,154,न्
666,कालेन,2,-,164,अ
667,योनिस्,2,-,527,स्
668,वशम्,2,चादि,153,म्
669,प्रकृत्या,2,-,300,आ
670,जहि,2,-,160,इ
671,अद्य,2,-,165,अ
672,तनुम्,2,-,301,म्
673,उपलिप्यते,2,-,522,ए
674,ज्ञानवान्,2,-,152,न्
675,सदृशम्,2,-,152,म्
676,अनुपश्यति,2,-,520,इ
677,राजर्षयस्,2,-,164,स्
678,केषु,2,-,141,उ
679,जिज्ञासुस्,2,-,277,स्
680,प्रोक्तवान्,2,-,163,न्
681,निबध्नाति,2,-,531,इ
682,अतिवर्तते,2,-,277,ए
683,सञ्जयति,2,-,533,इ
684,दध्मौ,2,-,12,औ
685,लोभस्,2,-,536,स्
686,पितामहस्,2,-,12,स्
687,आश्रितास्,2,-,295,स्
688,रजसि,2,-,536,इ
689,एतानि,2,-,536,इ
690,जायन्ते,2,-,526,ए
691,विवृद्धे,2,-,536,ए
692,भजते,2,-,280,ए
693,तमसि,2,-,537,इ
694,पश्यन्ति,2,-,38,इ
695,भोगास्,2,-,33,स्
696,दोषम्,2,-,38,म्
697,उपेत्य,2,-,325,अ
698,गुरून्,2,-,52,न्
699,देहिनस्,2,-,60,स्
700,ऊर्ध्वम्,2,-,477,म्
701,कृतम्,2,-,38,म्
702,चक्षुस्,2,-,231,स्
703,बुधास्,2,-,181,स्
704,द्रोणम्,2,-,51,म्
705,रात्रि,2,-,327,इ
706,सर्वास्,2,-,328,स्
707,स्पृहा,2,-,176,आ
708,अव्यक्तात्,2,-,328,त्
709,भुङ्क्ते,2,-,131,ए
710,स्थिरम्,2,-,244,म्
711,धीरस्,2,-,60,स्
712,मुह्यति,2,-,60,इ
713,अकर्तारम्,2,-,175,म्
714,विषीदन्तम्,2,-,48,म्
715,गतास्,2,-,23,स्
716,महात्मानस्,2,-,325,स्
717,धृतिस्,2,-,406,स्
718,अचलम्,2,-,246,म्
719,समदुःखसुखस्,2,-,482,स्
720,सङ्ख्ये,2,-,47,ए
721,पुनर्जन्म,2,-,325,अ
722,वर्तते,2,-,106,ए
723,पूर्वैस्,2,-,177,स्
724,सुहृत्,2,-,242,त्
725,समलोष्टाश्मकाञ्चनस्,2,-,241,स्
726,प्रयातास्,2,-,333,स्
727,भवन्ति,2,-,133,इ
728,यज्ञात्,2,-,133,त्
729,प्राहुस्,2,-,235,स्
730,अशुभात्,2,-,178,त्
731,यज्ञस्,2,-,133,स्
732,मुक्तस्,2,-,185,स्
733,शमस्,2,-,236,स्
734,दृष्टवान्,2,-,466,न्
735,षण्मासास्,2,-,334,स्
736,विभूतिम्,2,-,379,म्
737,मुच्यन्ते,2,-,132,ए
738,ब्रूहि,2,चादि,54,इ
739,अकर्म,2,-,94,अ
740,बन्धुस्,2,-,238,स्
741,अनावृत्तिम्,2,-,333,म्
742,सर्वगतम्,2,-,134,म्
743,अवस्थितास्,2,-,53,स्
744,सनातनम्,2,-,193,म्
745,अनन्यया,2,-,332,आ
746,भ्रुवोस्,2,-,231,स्
747,निवर्तन्ते,2,-,106,ए
748,मनुष्यास्,2,-,142,स्
749,शीतोष्णसुखदुःखेषु,2,-,240,उ
750,भोगान्,2,-,52,न्
751,भवेत्,2,-,46,त्
752,एभ्यस्,2,-,131,स्
753,एतैस्,2,-,43,स्
754,वार्ष्णेय,2,-,41,अ
755,भक्तिमान्,2,-,486,न्
756,क्षिप्रम्,2,-,174,म्
757,यतचित्तात्मा,2,-,183,आ
758,यजन्ते,2,-,174,ए
759,परस्परम्,2,-,130,म्
760,हृदि,2,-,322,इ
761,अव्ययस्य,2,-,64,अ
762,कुलघ्नानाम्,2,-,42,म्
763,आगतास्,2,-,172,स्
764,मद्भावम्,2,-,172,म्
765,क्षेत्रज्ञम्,2,-,490,म्
766,अज्ञानजम्,2,-,383,म्
767,अन्तवन्तस्,2,-,65,स्
768,यशस्,2,-,324,स्
769,इङ्गते,2,-,252,ए
770,आवेश्य,2,-,320,अ
771,अन्येन,2,-,461,अ
772,क्षेत्रक्षेत्रज्ञयोस्,2,-,492,स्
773,कुलधर्मास्,2,-,40,स्
774,समासेन,2,-,493,अ
775,वर्त्म,2,-,142,अ
776,अनुवर्तन्ते,2,-,142,ए
777,मनुष्याणाम्,2,-,44,म्
778,विधस्,2,-,467,स्
779,ऋषयस्,2,-,229,स्
780,रणे,2,-,46,ए
781,सर्वारम्भपरित्यागी,2,-,485,ई
782,पूरुषस्,2,-,138,स्
783,धार्तराष्ट्रास्,2,-,46,स्
784,लोकसङ्ग्रहम्,2,-,139,म्
785,सर्वभूतहिते,2,-,229,ए
786,ददामि,2,-,382,इ
787,कल्पते,2,-,62,ए
788,रतास्,2,-,89,स्
789,अभावस्,2,-,63,स्
790,संसिद्धिम्,2,-,139,म्
791,कर्तारम्,2,-,175,म्
792,उद्विजते,2,-,484,ए
793,पापयोनयस्,1,-,370,स्
794,शूद्रास्,1,-,370,स्
795,धर्मात्मा,1,-,369,आ
796,हन्त,1,चादि,35,अ
797,पुण्यास्,1,-,371,स्
798,चत्वारस्,1,-,378,स्
799,अविकम्पेन,1,-,379,अ
800,कथयिष्यामि,1,-,391,इ
801,दानम्,1,-,377,म्
802,युज्यते,1,-,379,ए
803,भावसमन्वितास्,1,-,380,स्
804,ब्राह्मणास्,1,-,371,स्
805,भवस्,1,-,133,स्
806,विष्णुस्,1,-,393,स्
807,जातास्,1,-,378,स्
808,प्राधान्यतस्,1,-,391,स्
809,सर्वभूताशयस्थितस्,1,-,392,स्
810,मनवस्,1,-,378,स्
811,तुष्टिस्,1,-,377,स्
812,निगच्छति,1,-,369,इ
813,प्रतिजानीहि,1,-,369,इ
814,अभयम्,1,-,376,म्
815,स्त्रियस्,1,-,41,स्
816,विस्तरस्य,1,-,391,अ
817,पूर्वे,1,-,378,ए
818,व्यपाश्रित्य,1,-,370,अ
819,वैश्यास्,1,-,370,स्
820,भयम्,1,-,376,म्
821,अयशस्,1,-,377,स्
822,स्युस्,1,-,370,स्
823,शश्वत्,1,स्वरादि,369,त्
824,पृथग्विधास्,1,-,377,स्
825,मानसास्,1,-,378,स्
826,कुरुश्रेष्ठ,1,-,391,अ
827,आदित्यानाम्,1,-,393,म्
828,समता,1,-,377,आ
829,सप्त,1,-,378,अ
830,सर्वपापैस्,1,-,375,स्
831,चित्तास्,1,-,381,स्
832,प्रीयमाणाय,1,-,373,अ
833,जगत्पते,1,-,387,ए
834,देवदेव,1,-,387,अ
835,युक्त्वा,1,-,372,आ
836,भूतेश,1,-,387,अ
837,मत्परायणस्,1,-,372,स्
838,अनादिम्,1,-,375,म्
839,बुद्धियोगम्,1,-,382,म्
840,उपयान्ति,1,-,382,इ
841,भूतभावन,1,-,343,अ
842,दानवास्,1,-,386,स्
843,अनुकम्पार्थम्,1,-,383,म्
844,वदसि,1,-,386,इ
845,ऋतम्,1,चादि,386,म्
846,हितकाम्यया,1,-,373,आ
847,लोकमहेश्वरम्,1,-,233,म्
848,नाशयामि,1,-,383,इ
849,सुरगणास्,1,-,374,स्
850,ब्रवीषि,1,-,385,इ
851,आत्मभावस्थस्,1,-,383,स्
852,ज्ञानदीपेन,1,-,383,अ
853,प्रभवम्,1,-,374,म्
854,देवलस्,1,-,385,स्
855,भास्वता,1,-,383,आ
856,असितस्,1,-,385,स्
857,शाश्वतम्,1,-,325,म्
858,आदिदेवम्,1,-,384,म्
859,विभुम्,1,-,384,म्
860,देवर्षिस्,1,-,385,स्
861,नमस्कुरु,1,-,372,उ
862,वक्तुम्,1,-,388,म्
863,शृण्वतस्,1,-,390,स्
864,अनित्यम्,1,-,371,म्
865,गतप्राणास्,1,-,381,स्
866,तृप्तिस्,1,-,390,स्
867,कथय,1,-,81,अ
868,विस्तरेण,1,-,390,अ
869,दमस्,1,-,376,स्
870,चिन्त्यस्,1,-,72,स्
871,भावेषु,1,-,389,उ
872,परिचिन्तयन्,1,-,389,न्
873,योगिन्,1,-,389,न्
874,विद्याम्,1,-,389,म्
875,सत्यम्,1,स्वरादि,376,म्
876,बोधयन्तस्,1,-,381,स्
877,तिष्ठसि,1,-,388,इ
878,व्याप्य,1,-,388,अ
879,प्रीतिपूर्वकम्,1,-,382,म्
880,असम्मोहस्,1,-,376,स्
881,इमान्,1,-,388,न्
882,विभूतिभिस्,1,-,388,स्
883,असुखम्,1,-,371,म्
884,तुष्यन्ति,1,-,381,इ
885,रमन्ति,1,-,381,इ
886,मर्त्येषु,1,-,375,उ
887,भजस्व,1,-,371,अ
888,मत्मनास्,1,-,372,स्
889,याभिस्,1,-,388,स्
890,सततयुक्तानाम्,1,-,382,म्
891,मद्याजी,1,-,372,ई
892,भजताम्,1,-,382,म्
893,कथयन्तस्,1,-,381,स्
894,धर्मक्षेत्रे,1,-,1,ए
895,व्यवसितस्,1,-,368,स्
896,अणीयांसम्,1,-,319,म्
897,चेतसा,1,-,91,आ
898,अन्यगामिना,1,-,318,आ
899,अनुचिन्तयन्,1,-,318,न्
900,कविम्,1,-,319,म्
901,पुराणम्,1,-,319,म्
902,अनुशासितारम्,1,-,319,म्
903,अणोस्,1,-,319,स्
904,अनुस्मरेत्,1,-,319,त्
905,असंशयस्,1,-,317,स्
906,धातारम्,1,-,319,म्
907,अचिन्त्यरूपम्,1,-,319,म्
908,आदित्यवर्णम्,1,-,319,म्
909,परस्तात्,1,-,319,त्
910,अचलेन,1,-,320,अ
911,योगबलेन,1,-,320,अ
912,वेदविदस्,1,-,321,स्
913,अभ्यासयोगयुक्तेन,1,-,318,अ
914,युध्य,1,-,65,अ
915,मन्तव्यस्,1,-,368,स्
916,विसर्गस्,1,-,313,स्
917,साधिभूताधिदैवम्,1,-,310,म्
918,साधियज्ञम्,1,-,310,म्
919,युक्तचेतसस्,1,-,310,स्
920,अधिदैवम्,1,-,311,म्
921,कस्,1,-,70,स्
922,नियतात्मभिस्,1,-,312,स्
923,भूतभावोद्भवकरस्,1,-,313,स्
924,कर्मसंज्ञितस्,1,-,313,स्
925,अनुस्मर,1,-,317,अ
926,क्षरस्,1,-,314,स्
927,अधिदैवतम्,1,-,314,म्
928,देहभृताम्,1,-,314,म्
929,वर,1,-,39,अ
930,मुक्त्वा,1,-,47,आ
931,त्यजति,1,-,316,इ
932,भावभावितस्,1,-,316,स्
933,वदन्ति,1,-,89,इ
934,वीतरागास्,1,-,321,स्
935,इच्छन्तस्,1,-,321,स्
936,व्यक्तयस्,1,-,328,स्
937,आप्नुवन्ति,1,-,325,इ
938,आब्रह्मभुवनात्,1,-,326,त्
939,पुनरावर्तिनस्,1,-,326,स्
940,सहस्रयुगपर्यन्तम्,1,-,327,म्
941,रात्रिम्,1,-,327,म्
942,युगसहस्रान्ताम्,1,-,327,म्
943,अहोरात्रविस्,1,-,327,स्
944,प्रभवन्ति,1,-,328,इ
945,ब्रह्मचर्यम्,1,-,321,म्
946,प्रलीयन्ते,1,-,328,ए
947,अव्यक्तसंज्ञके,1,-,328,ए
948,भूतग्रामस्,1,-,329,स्
949,प्रलीयते,1,-,329,ए
950,प्रभवति,1,-,329,इ
951,नश्यत्सु,1,-,330,उ
952,अक्षरस्,1,-,331,स्
953,अशाश्वतम्,1,-,325,म्
954,दुःखालयम्,1,-,325,म्
955,नित्ययुक्तस्य,1,-,324,अ
956,सुलभस्,1,-,324,स्
957,चरन्ति,1,-,321,इ
958,संग्रहेण,1,-,321,अ
959,प्रवक्ष्ये,1,-,321,ए
960,सर्वद्वाराणि,1,-,322,इ
961,निरुध्य,1,-,322,अ
962,मूर्ध्नि,1,-,322,इ
963,योगधारणाम्,1,-,322,म्
964,ओम्,1,स्वरादि,323,म्
965,एकाक्षरम्,1,-,323,म्
966,व्याहरन्,1,-,323,न्
967,अनुस्मरन्,1,-,323,न्
968,त्यजन्,1,-,323,न्
969,अनन्यचेतास्,1,-,324,स्
970,स्मरति,1,-,324,इ
971,नित्यशस्,1,-,324,स्
972,अखिलम्,1,-,309,म्
973,यतन्ति,1,-,309,इ
974,आश्रित्य,1,-,309,अ
975,सुकृतिनस्,1,-,296,स्
976,तरन्ति,1,-,294,इ
977,दुष्कृतिनस्,1,-,295,स्
978,नराधमास्,1,-,295,स्
979,मायया,1,-,168,आ
980,अपहृतज्ञानास्,1,-,295,स्
981,आसुरम्,1,-,295,म्
982,चतुर्विधास्,1,-,296,स्
983,आर्तस्,1,-,296,स्
984,जन्मनाम्,1,-,299,म्
985,अर्थार्थी,1,-,296,ई
986,नित्ययुक्तस्,1,-,297,स्
987,एकभक्तिस्,1,-,297,स्
988,अत्यर्थम्,1,-,297,म्
989,उदारास्,1,-,298,स्
990,युक्तात्मा,1,-,225,आ
991,अनुत्तमाम्,1,-,298,म्
992,मायाम्,1,-,294,म्
993,दुरत्यया,1,-,294,आ
994,माया,1,-,294,आ
995,गुणमयी,1,-,294,ई
996,विभावसौ,1,-,289,औ
997,जीवनम्,1,-,289,म्
998,तपस्विषु,1,-,289,उ
999,बुद्धिमताम्,1,-,290,म्
1000,बलवताम्,1,-,291,म्
1001,कामरागविवर्जितम्,1,-,291,म्
1002,धर्माविरुद्धस्,1,-,291,स्
1003,सात्त्विकास्,1,-,292,स्
1004,अहमद,1,-,292,अ
1005,त्रिभिस्,1,-,293,स्
1006,गुणमयैस्,1,-,293,स्
1007,भावैस्,1,-,293,स्
1008,एभिस्,1,-,293,स्
1009,मोहितम्,1,-,293,म्
1010,दैवी,1,-,294,ई
1011,बहूनाम्,1,-,299,म्
1012,प्रपद्यते,1,-,299,ए
1013,जरामरणमोक्षाय,1,-,309,अ
1014,वर्तमानानि,1,-,306,इ
1015,आपन्नम्,1,-,304,म्
1016,मन्यन्ते,1,-,304,ए
1017,अबुद्धयस्,1,-,304,स्
1018,अनुत्तमम्,1,-,304,म्
1019,योगमायासमावृतस्,1,-,305,स्
1020,मूढस्,1,-,224,स्
1021,समतीतानि,1,-,306,इ
1022,भविष्याणि,1,-,306,इ
1023,सुदुर्लभस्,1,-,299,स्
1024,इच्छाद्वेषसमुत्थेन,1,-,307,अ
1025,द्वन्द्वमोहेन,1,-,307,अ
1026,सम्मोहम्,1,-,307,म्
1027,अन्तगतम्,1,-,308,म्
1028,जनानाम्,1,-,308,म्
1029,पुण्यकर्मणाम्,1,-,308,म्
1030,द्वन्द्वमोहनिर्मुक्तास्,1,-,308,स्
1031,देवयजस्,1,-,303,स्
1032,अल्पमेधसाम्,1,-,303,म्
1033,अन्तवत्,1,-,303,त्
1034,विहितान्,1,-,302,न्
1035,कामैस्,1,-,300,स्
1036,हृतज्ञानास्,1,-,295,स्
1037,अन्यदेवतास्,1,-,300,स्
1038,नियमम्,1,-,300,म्
1039,आस्थाय,1,-,300,अ
1040,नियतास्,1,-,300,स्
1041,स्वया,1,-,300,आ
1042,अर्चितुम्,1,-,301,म्
1043,इच्छति,1,-,301,इ
1044,अचलाम्,1,-,301,म्
1045,श्रद्धाम्,1,-,301,म्
1046,ताम्,1,-,3,म्
1047,विदधामि,1,-,301,इ
1048,अराधनम्,1,-,302,म्
1049,ईहते,1,-,302,ए
1050,लभ्यस्,1,-,332,स्
1051,अन्तःस्थानि,1,-,332,इ
1052,काले,1,-,119,ए
1053,भुक्त्वा,1,-,359,आ
1054,स्वर्गतिम्,1,-,358,म्
1055,प्रार्थयन्ते,1,-,358,ए
1056,पुण्यम्,1,-,358,म्
1057,आसाद्य,1,-,358,अ
1058,सुरेन्द्रलोकम्,1,-,358,म्
1059,अश्नन्ति,1,-,358,इ
1060,देवभोगान्,1,-,358,न्
1061,स्वर्गलोकम्,1,-,359,म्
1062,अनन्यास्,1,-,360,स्
1063,विशालम्,1,-,359,म्
1064,क्षीणे,1,-,359,ए
1065,पुण्ये,1,-,359,ए
1066,मर्त्यलोकम्,1,-,359,म्
1067,त्रयीधर्मम्,1,-,359,म्
1068,अनुप्रपन्नास्,1,-,359,स्
1069,गतागतम्,1,-,359,म्
1070,इष्ट्वा,1,-,358,आ
1071,यज्ञैस्,1,-,358,स्
1072,पूतपापास्,1,-,358,स्
1073,सोमपास्,1,-,358,स्
1074,औषधम्,1,-,354,म्
1075,मन्त्रस्,1,-,354,स्
1076,आज्यम्,1,-,354,म्
1077,जगतो,1,-,355,ओ
1078,माता,1,-,355,आ
1079,ओङ्कारस्,1,-,355,स्
1080,ऋक्साम,1,-,355,अ
1081,यजुस्,1,-,355,स्
1082,साक्षी,1,-,356,ई
1083,निवासस्,1,-,356,स्
1084,तपामि,1,-,357,इ
1085,वर्षम्,1,-,357,म्
1086,निगृह्णामि,1,-,357,इ
1087,उत्सृजामि,1,-,357,इ
1088,त्रैविद्यास्,1,-,358,स्
1089,कामकामास्,1,-,359,स्
1090,चिन्तयन्तस्,1,-,360,स्
1091,क्रतुस्,1,-,354,स्
1092,अर्पणम्,1,-,365,म्
1093,प्रयत,1,-,278,अ
1094,करोषि,1,-,365,इ
1095,अश्नासि,1,-,365,इ
1096,जुहोषि,1,-,365,इ
1097,ददासि,1,-,365,इ
1098,तपस्यसि,1,-,365,इ
1099,कुरुष्व,1,-,365,अ
1100,शुभाशुभफलैस्,1,-,366,स्
1101,नित्याभियुक्तानाम्,1,-,360,म्
1102,कर्मबन्धनैस्,1,-,366,स्
1103,संन्यासयोगयुक्तात्मा,1,-,366,आ
1104,उपैष्यसि,1,-,366,इ
1105,द्वेष्यस्,1,-,367,स्
1106,सुदुराचारस्,1,-,368,स्
1107,अनन्यभाक्,1,-,368,क्
1108,साधुस्,1,-,368,स्
1109,अश्नामि,1,-,364,इ
1110,भक्त्युपहृतम्,1,-,364,म्
1111,प्रयच्छति,1,-,364,इ
1112,तोयम्,1,-,364,म्
1113,योगक्षेमम्,1,-,360,म्
1114,वहामि,1,-,360,इ
1115,अन्यदेवताभक्तास्,1,-,361,स्
1116,अन्वितास्,1,-,361,स्
1117,यजन्ति,1,-,361,इ
1118,अविधिपूर्वकम्,1,-,361,म्
1119,सर्वयज्ञानाम्,1,-,362,म्
1120,अभिजानन्ति,1,-,362,इ
1121,च्यवन्ति,1,-,362,इ
1122,देवव्रतास्,1,-,363,स्
1123,पितृव्रतास्,1,-,363,स्
1124,भूतेज्यास्,1,-,363,स्
1125,याजिनस्,1,-,363,स्
1126,पत्रम्,1,-,214,म्
1127,पुष्पम्,1,-,364,म्
1128,स्वधा,1,स्वरादि,354,आ
1129,पृथक्त्वेन,1,-,353,अ
1130,आवृत्तिम्,1,-,333,म्
1131,विज्ञानसहितम्,1,-,339,म्
1132,तपःसु,1,-,338,उ
1133,दानेषु,1,-,338,उ
1134,पुण्यफलम्,1,-,338,म्
1135,प्रदिष्टम्,1,-,338,म्
1136,अत्येति,1,-,338,इ
1137,गुह्यतमम्,1,-,339,म्
1138,अनसूयवे,1,-,339,ए
1139,राजविद्या,1,-,340,आ
1140,अवस्थितस्,1,-,342,स्
1141,राजगुह्यम्,1,-,340,म्
1142,पवित्रम्म्,1,-,340,म्
1143,प्रत्यक्षावगमम्,1,-,340,म्
1144,सुसुखम्,1,-,340,म्
1145,अश्रद्दधानास्,1,-,341,स्
1146,पुरुषास्,1,-,341,स्
1147,मृत्युसंसारवर्त्मनि,1,-,341,इ
1148,यज्ञेषु,1,-,338,उ
1149,जानन्,1,-,304,न्
1150,सृती,1,-,337,ई
1151,आवर्तते,1,-,336,ए
1152,कालम्,1,-,333,म्
1153,शुक्लस्,1,-,334,स्
1154,उत्तरायणम्,1,-,334,म्
1155,ब्रह्मविदस्,1,-,334,स्
1156,धूमस्,1,-,335,स्
1157,रात्रिस्,1,-,335,स्
1158,कृष्णस्,1,-,335,स्
1159,दक्षिणायनम्,1,-,335,म्
1160,चान्द्रमसम्,1,-,335,म्
1161,शुक्लकृष्णे,1,-,336,ए
1162,गती,1,-,191,ई
1163,शाश्वते,1,-,336,ए
1164,मते,1,-,226,ए
1165,एकया,1,-,336,आ
1166,अन्यया,1,-,336,आ
1167,अव्यक्तमूर्तिना,1,-,342,आ
1168,भूतभृत्,1,-,343,त्
1169,एकत्वेन,1,-,353,अ
1170,श्रितास्,1,-,172,स्
1171,मोघाशास्,1,-,350,स्
1172,मोघकर्माणस्,1,-,350,स्
1173,मोघज्ञानास्,1,-,350,स्
1174,विचेतसस्,1,-,350,स्
1175,राक्षसीम्,1,-,350,म्
1176,आसुरीम्,1,-,350,म्
1177,मोहिनीम्,1,-,350,म्
1178,दैवीम्,1,-,351,म्
1179,भूतस्थस्,1,-,343,स्
1180,अनन्यमनसस्,1,-,351,स्
1181,भूतादिम्,1,-,351,म्
1182,कीर्तयन्तस्,1,-,352,स्
1183,यतन्तस्,1,-,352,स्
1184,नमस्यन्तस्,1,-,352,स्
1185,ज्ञानयज्ञेन,1,-,353,अ
1186,यजन्तस्,1,-,353,स्
1187,भूतमहेश्वरम्,1,-,349,म्
1188,आश्रितम्,1,-,349,म्
1189,मानुषीम्,1,-,349,म्
1190,विपरिवर्तते,1,-,348,ए
1191,भूतभावनस्,1,-,343,स्
1192,आकाशस्थितस्,1,-,344,स्
1193,सर्वत्रगस्,1,-,344,स्
1194,महान्,1,-,26,न्
1195,मामिकाम्,1,-,345,म्
1196,कल्पक्षये,1,-,345,ए
1197,कल्पादौ,1,-,345,औ
1198,अवष्टभ्य,1,-,346,अ
1199,भूतग्रामम्,1,-,346,म्
1200,अवशम्,1,-,346,म्
1201,वशात्,1,-,346,त्
1202,आसीनम्,1,-,347,म्
1203,अध्यक्षेण,1,-,348,अ
1204,सूयते,1,-,348,ए
1205,हेतुना,1,-,348,आ
1206,अवजानन्ति,1,-,349,इ
1207,आदित्यान्,1,-,420,न्
1208,अंशुमान्,1,-,393,न्
1209,अनन्येन,1,-,475,अ
1210,ज्ञानात्,1,-,481,त्
1211,ध्यानम्,1,-,481,म्
1212,ध्यानात्,1,-,481,त्
1213,कर्मफलत्यागस्,1,-,481,स्
1214,त्यागात्,1,-,481,त्
1215,अनन्तरम्,1,-,481,म्
1216,अद्वेष्टा,1,-,482,आ
1217,मैत्रस्,1,-,482,स्
1218,करुणस्,1,-,482,स्
1219,क्षमी,1,-,482,ई
1220,यतात्मा,1,-,229,आ
1221,दृढनिश्चयस्,1,-,483,स्
1222,यस्मात्,1,-,484,त्
1223,लोकात्,1,-,484,त्
1224,हर्षामर्षभयोद्वेगैस्,1,-,484,स्
1225,अनपेक्षस्,1,-,485,स्
1226,शुचिस्,1,-,485,स्
1227,दक्षस्,1,-,485,स्
1228,उदासीनस्,1,-,485,स्
1229,अभ्यासात्,1,-,481,त्
1230,यतात्मवान्,1,-,480,न्
1231,सर्वकर्मफलत्यागम्,1,-,480,म्
1232,समाधातुम्,1,-,478,म्
1233,समुद्धर्ता,1,-,476,आ
1234,मृत्युसंसारसागरात्,1,-,476,त्
1235,भवामि,1,-,168,इ
1236,चिरात्,1,स्वरादि,476,त्
1237,आवेशितचेतसाम्,1,-,476,म्
1238,आधत्स्व,1,-,477,अ
1239,निवेशय,1,-,477,अ
1240,निवसिष्यसि,1,-,477,इ
1241,शक्नोषि,1,-,478,इ
1242,आश्रितस्,1,-,480,स्
1243,अभ्यासयोगेन,1,-,478,अ
1244,इच्छ,1,-,35,अ
1245,अभ्यासे,1,-,268,ए
1246,असमर्थस्,1,-,479,स्
1247,मत्कर्मपरमस्,1,-,479,स्
1248,मदर्थम्,1,-,479,म्
1249,अशक्तस्,1,-,480,स्
1250,मद्योगम्,1,-,480,म्
1251,गतव्यथस्,1,-,485,स्
1252,हृष्यति,1,-,450,इ
1253,शोचति,1,-,486,इ
1254,दशैकम्,1,-,495,म्
1255,ऋषिभिस्,1,-,494,स्
1256,गीतम्,1,-,494,म्
1257,छन्दोभिस्,1,-,494,स्
1258,विविधैस्,1,-,494,स्
1259,ब्रह्मसूत्रपदैस्,1,-,494,स्
1260,हेतुमद्भिस्,1,-,494,स्
1261,विनिश्चितैस्,1,-,494,स्
1262,महाभूतानि,1,-,495,इ
1263,पञ्च,1,-,495,अ
1264,विकारि,1,-,493,इ
1265,इन्द्रियगोचरास्,1,-,495,स्
1266,इच्छा,1,-,35,आ
1267,द्वेषस्,1,-,496,स्
1268,संघातस्,1,-,496,स्
1269,सविकारम्,1,-,496,म्
1270,उदाहृतम्,1,-,496,म्
1271,अमानित्वम्,1,-,497,म्
1272,अदम्भित्वम्,1,-,497,म्
1273,प्रभावस्,1,-,493,स्
1274,यादृक्,1,-,493,क्
1275,शुभाशुभपरित्यागी,1,-,486,ई
1276,धर्म्यामृतम्,1,-,489,म्
1277,शत्रौ,1,-,487,औ
1278,मित्रे,1,-,487,ए
1279,सङ्गविवर्जितस्,1,-,487,स्
1280,तुल्यनिन्दास्तुतिस्,1,-,488,स्
1281,मौनी,1,-,488,ई
1282,केनचित्,1,-,488,त्
1283,अनिकेतस्,1,-,488,स्
1284,स्थिरमतिस्,1,-,488,स्
1285,श्रद्दधानास्,1,-,341,स्
1286,सर्वक्षेत्रेषु,1,-,492,उ
1287,मत्परमास्,1,-,489,स्
1288,अतीव,1,-,489,अ
1289,प्रियास्,1,-,489,स्
1290,वेदितुम्,1,-,490,म्
1291,शरीरम्,1,-,491,म्
1292,अभिधीयते,1,-,491,ए
1293,क्षेत्रज्ञस्,1,-,491,स्
1294,तद्विदस्,1,-,491,स्
1295,ध्यायन्तस्,1,-,475,स्
1296,मत्परास्,1,-,475,स्
1297,विहारशय्याआसनभोजनेषु,1,-,456,उ
1298,अवाप्यते,1,-,474,ए
1299,विश्वमूर्ते,1,-,460,ए
1300,प्रसन्नेन,1,-,461,अ
1301,दर्शितम्,1,-,461,म्
1302,आत्मयोगात्,1,-,461,त्
1303,तेजोमयम्,1,-,461,म्
1304,दृष्टपूर्वम्,1,-,459,म्
1305,वेदयज्ञाध्ययनैस्,1,-,462,स्
1306,दानैस्,1,-,462,स्
1307,क्रियाभिस्,1,-,462,स्
1308,तपोभिस्,1,-,462,स्
1309,उग्रैस्,1,-,462,स्
1310,रूपस्,1,-,462,स्
1311,नृलोके,1,-,462,ए
1312,कुरुप्रवीर,1,-,462,अ
1313,व्यथा,1,-,463,आ
1314,विमूढभावस्,1,-,463,स्
1315,घोरम्,1,-,463,म्
1316,ईदृक्,1,-,463,क्
1317,व्यपेतभीस्,1,-,463,स्
1318,सहस्रबाहो,1,-,460,ओ
1319,चतुर्भुजेन,1,-,460,अ
1320,रूपेण,1,-,158,अ
1321,प्रणिधाय,1,-,458,अ
1322,क्षामये,1,-,456,ए
1323,चर-अचरस्य,1,-,457,अ
1324,पूज्यस्,1,-,457,स्
1325,गुरुस्,1,-,457,स्
1326,गरीयान्,1,-,457,न्
1327,अभ्यधिकस्,1,-,457,स्
1328,लोकत्रये,1,-,457,ए
1329,अप्रतिमप्रभाव,1,-,457,अ
1330,कायम्,1,-,458,म्
1331,चक्रहस्तम्,1,-,460,म्
1332,प्रसादये,1,-,458,ए
1333,ईड्यम्,1,-,458,म्
1334,पुत्रस्य,1,-,458,अ
1335,सख्युस्,1,-,458,स्
1336,प्रियायास्,1,-,458,स्
1337,अदृष्टपूर्वम्,1,-,459,म्
1338,हृषितस्,1,-,459,स्
1339,भयेन,1,-,459,अ
1340,प्रीतमनास्,1,-,463,स्
1341,प्रपश्य,1,-,39,अ
1342,अर्जुनम्,1,-,464,म्
1343,अचिन्त्यम्,1,-,472,म्
1344,सततयुक्तास्,1,-,470,स्
1345,के,1,-,5,ए
1346,योगवित्तमास्,1,-,470,स्
1347,उपेतास्,1,-,471,स्
1348,युक्ततमास्,1,-,471,स्
1349,मतास्,1,-,471,स्
1350,अनिर्देश्यम्,1,-,472,म्
1351,सर्वत्रगम्,1,-,472,म्
1352,कूटस्थम्,1,-,472,म्
1353,सङ्गवर्जितस्,1,-,469,स्
1354,सन्नियम्य,1,-,473,अ
1355,समबुद्धयस्,1,-,473,स्
1356,प्राप्नुवन्ति,1,-,473,इ
1357,क्लेशस्,1,-,474,स्
1358,अधिकतरस्,1,-,474,स्
1359,अव्यक्तासक्तचेतसाम्,1,-,474,म्
1360,अव्यक्ता,1,-,75,आ
1361,देहवद्भिस्,1,-,474,स्
1362,निर्वैरस्,1,-,469,स्
1363,मत्परमस्,1,-,469,स्
1364,स्वकम्,1,-,464,म्
1365,गतस्,1,-,71,स्
1366,आश्वासयामास,1,-,464,अ
1367,भीतम्,1,-,464,म्
1368,सौम्यवपुस्,1,-,464,स्
1369,मानुषम्,1,-,465,म्
1370,सौम्यम्,1,-,465,म्
1371,इदानीम्,1,-,465,म्
1372,संवृत्तस्,1,-,465,स्
1373,सचेतास्,1,-,465,स्
1374,सुदुर्दर्शम्,1,-,466,म्
1375,मत्कर्मकृत्,1,-,469,त्
1376,रूपस्य,1,-,466,अ
1377,दर्शनकाङ्क्षिणस्,1,-,466,स्
1378,वेदैस्,1,-,467,स्
1379,तपसा,1,-,172,आ
1380,दानेन,1,-,467,अ
1381,इज्यया,1,-,467,आ
1382,ज्ञातुम्,1,-,445,म्
1383,प्रवेष्टुम्,1,-,468,म्
1384,क्षान्तिस्,1,-,497,स्
1385,आर्जवम्,1,-,497,म्
1386,आचार्योपासनम्,1,-,497,म्
1387,शौचम्,1,-,497,म्
1388,रागात्मकम्,1,-,531,म्
1389,तृष्णासङ्गसमुद्भवम्,1,-,531,म्
1390,कर्मसङ्गेन,1,-,531,अ
1391,मोहनम्,1,-,532,म्
1392,सर्वदेहिनाम्,1,-,532,म्
1393,प्रमादालस्यनिद्राभिस्,1,-,532,स्
1394,सुखे,1,-,103,ए
1395,प्रमादे,1,-,533,ए
1396,अभिभूय,1,-,534,अ
1397,सर्वद्वारेषु,1,-,535,उ
1398,विवृद्धम्,1,-,535,म्
1399,प्रवृत्तिस्,1,-,536,स्
1400,आरम्भस्,1,-,536,स्
1401,अशमस्,1,-,536,स्
1402,अप्रकाशस्,1,-,537,स्
1403,अप्रवृत्तिस्,1,-,537,स्
1404,प्रमादस्,1,-,537,स्
1405,सत्त्वे,1,-,538,ए
1406,प्रवृद्धे,1,-,538,ए
1407,ज्ञानसङ्गेन,1,-,530,अ
1408,बध्नाति,1,-,530,इ
1409,सुखसङ्गेन,1,-,530,अ
1410,दधामि,1,-,301,इ
1411,मुनयस्,1,-,525,स्
1412,उपाश्रित्य,1,-,526,अ
1413,साधर्म्यम्,1,-,526,म्
1414,उपजायन्ते,1,-,526,ए
1415,प्रलये,1,-,526,ए
1416,व्यथन्ति,1,-,526,इ
1417,तस्मिन्,1,-,527,न्
1418,गर्भम्,1,-,527,म्
1419,सम्भवस्,1,-,133,स्
1420,प्रकाशकम्,1,-,530,म्
1421,सर्वयोनिषु,1,-,528,उ
1422,मूर्तयस्,1,-,528,स्
1423,सम्भवन्ति,1,-,528,इ
1424,यास्,1,-,6,स्
1425,तासाम्,1,-,528,म्
1426,बीजप्रदस्,1,-,528,स्
1427,प्रकृतिसम्भवास्,1,-,529,स्
1428,निर्मलत्वात्,1,-,530,त्
1429,देहभृत्,1,-,538,त्
1430,उत्तमविदाम्,1,-,538,म्
1431,अमलान्,1,-,538,न्
1432,गुणातीतस्,1,-,549,स्
1433,सम्प्रवृत्तानि,1,-,546,इ
1434,निवृत्तानि,1,-,546,इ
1435,आसीनस्,1,-,547,स्
1436,अवतिष्ठति,1,-,547,इ
1437,स्वस्थस्,1,-,548,स्
1438,तुल्यप्रियाप्रियस्,1,-,548,स्
1439,तुल्यनिन्दात्मसंस्तुतिस्,1,-,548,स्
1440,मित्रारिपक्षयोस्,1,-,549,स्
1441,अव्यभिचारेण,1,-,550,अ
1442,आचारस्,1,-,545,स्
1443,भक्तियोगेन,1,-,550,अ
1444,सेवते,1,-,550,ए
1445,समतीत्य,1,-,550,अ
1446,ब्रह्मभूयाय,1,-,550,अ
1447,प्रतिष्ठा,1,-,244,आ
1448,अमृतस्य,1,-,551,अ
1449,शाश्वतस्य,1,-,551,अ
1450,सुखस्य,1,-,551,अ
1451,प्रकाशम्,1,-,546,म्
1452,अतीतस्,1,-,545,स्
1453,प्रतिपद्यते,1,-,538,ए
1454,प्रमादमोहौ,1,-,541,औ
1455,गत्वा,1,-,539,आ
1456,कर्मसङ्गिषु,1,-,539,उ
1457,प्रलीनस्,1,-,539,स्
1458,मूढयोनिषु,1,-,539,उ
1459,सुकृतस्य,1,-,540,अ
1460,सात्त्विकम्,1,-,540,म्
1461,निर्मलम्,1,-,540,म्
1462,सत्त्वात्,1,-,541,त्
1463,सत्त्वस्थास्,1,-,542,स्
1464,लिङ्गैस्,1,-,545,स्
1465,तिष्ठन्ति,1,-,150,इ
1466,जघन्यगुणवृत्तिस्थास्,1,-,542,स्
1467,अधस्,1,स्वरादि,542,स्
1468,अन्यम्,1,-,543,म्
1469,द्रष्टा,1,-,512,आ
1470,अतीत्य,1,-,544,अ
1471,देहसमुद्भवान्,1,-,544,न्
1472,जन्ममृत्युजरादुःखैस्,1,-,544,स्
1473,ज्ञानानाम्,1,-,525,म्
1474,भूतप्रकृतिमोक्षम्,1,-,524,म्
1475,ज्ञानचक्षुषा,1,-,524,आ
1476,अचरम्,1,-,505,म्
1477,अक्षिशिरोमुखम्,1,-,503,म्
1478,श्रुतिमत्,1,-,503,त्
1479,सर्वेन्द्रियगुणाभासम्,1,-,504,म्
1480,सर्वेन्द्रियविवर्जितम्,1,-,504,म्
1481,सर्वभृत्,1,-,504,त्
1482,निर्गुणम्,1,-,504,म्
1483,गुणभोक्तृ,1,-,504,ऋ
1484,बहिरन्तस्,1,-,505,स्
1485,चरम्,1,-,348,म्
1486,अनादिमत्,1,-,502,त्
1487,सूक्ष्मत्वात्,1,-,505,त्
1488,अविज्ञेयम्,1,-,505,म्
1489,दूरस्थम्,1,-,505,म्
1490,अन्तिके,1,-,505,ए
1491,अविभक्तम्,1,-,506,म्
1492,विभक्तम्,1,-,427,म्
1493,भूतभर्तृ,1,-,506,ऋ
1494,ग्रसिष्णु,1,-,506,उ
1495,पाणिपादम्,1,-,503,म्
1496,अन्यथा,1,-,501,आ
1497,ज्ञानगम्यम्,1,-,507,म्
1498,समचित्तत्वम्,1,-,499,म्
1499,स्थैर्यम्,1,-,497,म्
1500,आत्मविनिग्रहस्,1,-,497,स्
1501,वैराग्यम्,1,-,498,म्
1502,अनहंकारस्,1,-,498,स्
1503,जन्ममृत्युजराव्याधिदुःखदोषानुदर्शनम्,1,-,498,म्
1504,असक्तिस्,1,-,499,स्
1505,अनभिष्वङ्गस्,1,-,499,स्
1506,पुत्रदारगृहादिषु,1,-,499,उ
1507,इष्ट,1,-,129,अ
1508,तत्त्वज्ञानार्थदर्शनम्,1,-,501,म्
1509,अनिष्टोपपत्तिषु,1,-,499,उ
1510,अनन्ययोगेन,1,-,500,अ
1511,भक्तिस्,1,-,297,स्
1512,अव्यभिचारिणी,1,-,500,ई
1513,विविक्तदेशसेवित्वम्,1,-,500,म्
1514,अरतिस्,1,-,500,स्
1515,जनसंसदि,1,-,500,इ
1516,अध्यात्मज्ञाननित्यत्वम्,1,-,501,म्
1517,प्रभविष्णु,1,-,506,उ
1518,धिष्ठितम्,1,-,507,म्
1519,क्षेत्री,1,-,523,ई
1520,हिनस्ति,1,-,518,इ
1521,स्थावरजङ्गमम्,1,-,516,म्
1522,क्षेत्रक्षेत्रज्ञसंयोगात्,1,-,516,त्
1523,तिष्ठन्तम्,1,-,517,म्
1524,परमेश्वरम्,1,-,517,म्
1525,विनश्यत्सु,1,-,517,उ
1526,अविनश्यन्तम्,1,-,517,म्
1527,समवस्थितम्,1,-,518,म्
1528,ईश्वरम्,1,-,518,म्
1529,भूतपृथग्भावम्,1,-,520,म्
1530,मृत्युम्,1,-,515,म्
1531,विस्तारम्,1,-,520,म्
1532,सम्पद्यते,1,-,520,ए
1533,अनादित्वात्,1,-,521,त्
1534,निर्गुणत्वात्,1,-,521,त्
1535,शरीरस्थस्,1,-,521,स्
1536,सौक्ष्म्यात्,1,-,522,त्
1537,आकाशम्,1,-,522,म्
1538,सर्वत्रावस्थितस्,1,-,522,स्
1539,श्रुतिपरायणास्,1,-,515,स्
1540,अतितरन्ति,1,-,515,इ
1541,समासतस्,1,-,508,स्
1542,प्रकृतिस्थस्,1,-,511,स्
1543,विज्ञाय,1,-,508,अ
1544,मद्भावाय,1,-,508,अ
1545,अनादी,1,-,509,ई
1546,विकारान्,1,-,509,न्
1547,प्रकृतिसम्भवान्,1,-,509,न्
1548,कार्यकारणकर्तृत्वे,1,-,510,ए
1549,सुखदुःखानाम्,1,-,510,म्
1550,भोक्तृत्वे,1,-,510,ए
1551,प्रकृतिजान्,1,-,511,न्
1552,अन्येभ्यस्,1,-,515,स्
1553,गुणसङ्गस्,1,-,511,स्
1554,योनिजन्मसु,1,-,511,उ
1555,उपद्रष्टा,1,-,512,आ
1556,अनुमन्ता,1,-,512,आ
1557,महेश्वरस्,1,-,512,स्
1558,उक्तो,1,-,512,ओ
1559,ध्यानेन,1,-,514,अ
1560,साङ्ख्येन,1,-,514,अ
1561,समक्षम्,1,-,456,म्
1562,कृतस्,1,-,456,स्
1563,मरीचिस्,1,-,393,स्
1564,मेधा,1,-,406,आ
1565,मौनम्,1,-,410,म्
1566,गुह्यानाम्,1,-,410,म्
1567,ज्ञानवताम्,1,-,410,म्
1568,विना,1,स्वरादि,64,आ
1569,भूतम्,1,-,204,म्
1570,चराचरम्,1,-,348,म्
1571,दिव्यानाम्,1,-,412,म्
1572,विभूतीनाम्,1,-,412,म्
1573,उद्देशतस्,1,-,412,स्
1574,विभूतेस्,1,-,412,स्
1575,विस्तरस्,1,-,391,स्
1576,विभूतिमत्,1,-,413,त्
1577,श्रीमत्,1,-,413,त्
1578,ऊर्जितम्,1,-,413,म्
1579,अवगच्छ,1,-,413,अ
1580,अंशसम्भवम्,1,-,413,म्
1581,बहुना,1,-,414,आ
1582,ज्ञातेन,1,-,414,अ
1583,विष्टभ्य,1,-,414,अ
1584,जिगीषताम्,1,-,410,म्
1585,नीतिस्,1,-,410,स्
1586,दमयताम्,1,-,410,म्
1587,छलयताम्,1,-,408,म्
1588,साम्नाम्,1,-,407,म्
1589,गायत्री,1,-,407,ई
1590,छन्दसाम्,1,-,407,म्
1591,मासानाम्,1,-,407,म्
1592,मार्गशीर्षस्,1,-,407,स्
1593,ऋतूनाम्,1,-,407,म्
1594,कुसुमाकरस्,1,-,407,स्
1595,द्यूतम्,1,-,408,म्
1596,जयस्,1,-,8,स्
1597,दण्डस्,1,-,410,स्
1598,व्यवसायस्,1,-,408,स्
1599,सत्त्ववताम्,1,-,408,म्
1600,वृष्णीनाम्,1,-,409,म्
1601,पाण्डवानाम्,1,-,409,म्
1602,मुनीनाम्,1,-,409,म्
1603,कवीनाम्,1,-,409,म्
1604,उशना,1,-,409,आ
1605,कविस्,1,-,409,स्
1606,एकांशेन,1,-,414,अ
1607,अनुग्रहाय,1,-,415,अ
1608,गुह्यम्,1,-,340,म्
1609,अनेकवक्त्रनयनम्,1,-,424,म्
1610,आश्चर्याणि,1,-,420,इ
1611,इच्छसि,1,-,421,इ
1612,शक्यसे,1,-,422,ए
1613,स्वचक्षुषा,1,-,422,आ
1614,राजन्,1,-,423,न्
1615,महायोगेश्वरस्,1,-,423,स्
1616,हरिस्,1,-,423,स्
1617,पार्थाय,1,-,423,अ
1618,अनेकाद्भुतदर्शनम्,1,-,424,म्
1619,मरुतास्,1,-,420,स्
1620,अनेकदिव्यआभरणम्,1,-,424,म्
1621,दिव्यानेकोद्यतायुधम्,1,-,424,म्
1622,दिव्यमाल्याम्बरधरम्,1,-,425,म्
1623,दिव्यगन्धानुलेपनम्,1,-,425,म्
1624,सर्वाश्चर्यमयम्,1,-,425,म्
1625,सूर्यसहस्रस्य,1,-,426,अ
1626,युगपत्,1,स्वरादि,426,त्
1627,उत्थिता,1,-,426,आ
1628,अदृष्टपूर्वाणि,1,-,420,इ
1629,रुद्रान्,1,-,420,न्
1630,अध्यात्मसंज्ञितम्,1,-,415,म्
1631,परमेश्वर,1,-,417,अ
1632,विगतस्,1,-,103,स्
1633,अयौ,1,-,416,औ
1634,श्रुतौ,1,-,416,औ
1635,विस्तरशस्,1,-,416,स्
1636,त्वत्तस्,1,-,416,स्
1637,कमलपत्राक्ष,1,-,416,अ
1638,माहात्म्यम्,1,-,416,म्
1639,आत्थ,1,-,417,अ
1640,शक्यम्,1,-,418,म्
1641,वसून्,1,-,420,न्
1642,योगेश्वर,1,-,418,अ
1643,रूपाणि,1,-,419,इ
1644,शतशस्,1,-,419,स्
1645,सहस्रशस्,1,-,419,स्
1646,नानाविधानि,1,-,419,इ
1647,दिव्यानि,1,-,419,इ
1648,नानावर्णाकृतीनि,1,-,419,इ
1649,गन्धस्,1,-,289,स्
1650,बृहत्साम,1,-,407,अ
1651,स्मृतिस्,1,-,406,स्
1652,अवहासार्थम्,1,-,456,म्
1653,नारीणाम्,1,-,406,म्
1654,यज्ञानाम्,1,-,362,म्
1655,जपयज्ञस्,1,-,397,स्
1656,स्थावराणाम्,1,-,397,म्
1657,हिमालयस्,1,-,397,स्
1658,अश्वत्थस्,1,-,398,स्
1659,सर्ववृक्षाणाम्,1,-,398,म्
1660,देवर्षीणाम्,1,-,398,म्
1661,गन्धर्वाणाम्,1,-,398,म्
1662,चित्ररथस्,1,-,398,स्
1663,कपिलस्,1,-,398,स्
1664,उच्चैःश्रवसम्,1,-,399,म्
1665,अश्वानाम्,1,-,399,म्
1666,अमृतोद्भवम्,1,-,399,म्
1667,ऐरावतम्,1,-,399,म्
1668,गजेन्द्राणाम्,1,-,399,म्
1669,नराणाम्,1,-,399,म्
1670,नराधिपम्,1,-,399,म्
1671,आयुधानाम्,1,-,400,म्
1672,वज्रम्,1,-,400,म्
1673,गिराम्,1,-,397,म्
1674,भृगुस्,1,-,397,स्
1675,सागरस्,1,-,396,स्
1676,वित्तेशस्,1,-,395,स्
1677,मरुताम्,1,-,393,म्
1678,नक्षत्राणाम्,1,-,393,म्
1679,शशी,1,-,393,ई
1680,वेदानाम्,1,-,394,म्
1681,सामवेदस्,1,-,394,स्
1682,वासवस्,1,-,394,स्
1683,रुद्राणाम्,1,-,395,म्
1684,शङ्करस्,1,-,395,स्
1685,यक्षरक्षसाम्,1,-,395,म्
1686,सरसाम्,1,-,396,म्
1687,वसूनाम्,1,-,395,म्
1688,मेरुस्,1,-,395,स्
1689,शिखरिणाम्,1,-,395,म्
1690,पुरोधसाम्,1,-,396,म्
1691,मुख्यम्,1,-,396,म्
1692,बृहस्पतिम्,1,-,396,म्
1693,सेनानीनाम्,1,-,396,म्
1694,स्कन्दस्,1,-,396,स्
1695,धेनूनाम्,1,-,400,म्
1696,कामधुक्,1,-,129,क्
1697,प्रजनस्,1,-,400,स्
1698,द्वन्द्वस्,1,-,92,स्
1699,जाह्नवी,1,-,403,ई
1700,सर्गाणाम्,1,-,404,म्
1701,अध्यात्मविद्या,1,-,404,आ
1702,विद्यानाम्,1,-,404,म्
1703,वादस्,1,-,404,स्
1704,प्रवदताम्,1,-,404,म्
1705,अक्षराणाम्,1,-,405,म्
1706,अकारस्,1,-,405,स्
1707,सामासिकस्य,1,-,405,अ
1708,मकरस्,1,-,403,स्
1709,अक्षयस्,1,-,405,स्
1710,विश्वतोमुखस्,1,-,405,स्
1711,सर्वहरस्,1,-,406,स्
1712,उद्भवस्,1,-,406,स्
1713,भविष्यताम्,1,-,406,म्
1714,कीर्तिस्,1,-,81,स्
1715,श्रीस्,1,-,406,स्
1716,वाक्,1,-,21,क्
1717,स्रोतसाम्,1,-,403,म्
1718,झषाणाम्,1,-,403,म्
1719,कन्दर्पस्,1,-,400,स्
1720,प्रह्लादस्,1,-,402,स्
1721,सर्पाणाम्,1,-,400,म्
1722,वासुकिस्,1,-,400,स्
1723,अनन्तस्,1,-,401,स्
1724,नागानाम्,1,-,401,म्
1725,यादसाम्,1,-,401,म्
1726,पितॄणाम्,1,-,401,म्
1727,अर्यमा,1,-,401,आ
1728,संयमताम्,1,-,401,म्
1729,दैत्यानाम्,1,-,402,म्
1730,शस्त्रभृताम्,1,-,403,म्
1731,कलयताम्,1,-,402,म्
1732,मृगाणाम्,1,-,402,म्
1733,मृगेन्द्रस्,1,-,402,स्
1734,वैनतेयस्,1,-,402,स्
1735,पक्षिणाम्,1,-,402,म्
1736,पवनस्,1,-,403,स्
1737,पवताम्,1,-,403,म्
1738,रामस्,1,-,135,स्
1739,भास्,1,-,181,स्
1740,सदृशी,1,-,426,ई
1741,महात्मनस्,1,-,426,स्
1742,प्रविभक्तम्,1,-,427,म्
1743,प्रजानामि,1,-,445,इ
1744,लोकक्षयकृत्,1,-,446,त्
1745,प्रवृद्धस्,1,-,446,स्
1746,समाहर्तुम्,1,-,446,म्
1747,प्रवृत्तस्,1,-,182,स्
1748,ऋते,1,स्वरादि,446,ए
1749,भविष्यन्ति,1,-,446,इ
1750,प्रत्यनीकेषु,1,-,446,उ
1751,योधास्,1,-,446,स्
1752,लभस्व,1,-,447,अ
1753,शत्रून्,1,-,447,न्
1754,भुङ्क्ष्व,1,-,447,अ
1755,समृद्धम्,1,-,447,म्
1756,निहतास्,1,-,447,स्
1757,पूर्वम्,1,-,447,म्
1758,निमित्तमात्रम्,1,-,447,म्
1759,सव्यसाचिन्,1,-,447,न्
1760,जयद्रथम्,1,-,448,म्
1761,कर्णम्,1,-,448,म्
1762,भवन्तम्,1,-,445,म्
1763,विज्ञातुम्,1,-,445,म्
1764,देववर,1,-,445,अ
1765,ग्रसमानस्,1,-,444,स्
1766,अम्बुवेगास्,1,-,442,स्
1767,अभिमुखास्,1,-,442,स्
1768,नरलोकवीरास्,1,-,442,स्
1769,अभिविज्वलन्ति,1,-,442,इ
1770,प्रदीप्तम्,1,-,443,म्
1771,ज्वलनम्,1,-,443,म्
1772,पतङ्गास्,1,-,443,स्
1773,लेलिह्यसे,1,-,444,ए
1774,समग्रान्,1,-,444,न्
1775,भवानुग्ररूपो,1,-,445,ओ
1776,वदनैस्,1,-,444,स्
1777,ज्वलद्भिस्,1,-,444,स्
1778,तेजोभिस्,1,-,444,स्
1779,आपूर्य,1,-,117,अ
1780,उग्रास्,1,-,444,स्
1781,प्रतपन्ति,1,-,444,इ
1782,आख्याहि,1,-,445,इ
1783,को,1,-,15,ओ
1784,अन्यान्,1,-,448,न्
1785,योधवीरान्,1,-,448,न्
1786,हतान्,1,-,448,न्
1787,पुरस्तात्,1,-,454,त्
1788,अनन्त,1,-,16,अ
1789,निवास,1,-,356,अ
1790,आदिदेवस्,1,-,452,स्
1791,वेत्ता,1,-,452,आ
1792,अनन्तरूप,1,-,430,अ
1793,शशाङ्कस्,1,-,453,स्
1794,प्रपितामहस्,1,-,453,स्
1795,सहस्र-कृत्वस्,1,-,453,स्
1796,पृष्ठतस्,1,-,454,स्
1797,गरीयसे,1,-,451,ए
1798,सर्व,1,-,6,अ
1799,अनन्तवीर्यामितविक्रमस्,1,-,454,स्
1800,समाप्नोषि,1,-,454,इ
1801,यादव,1,-,455,अ
1802,अजानता,1,-,455,आ
1803,महिमानम्,1,-,455,म्
1804,प्रमादात्,1,-,455,त्
1805,प्रणयेन,1,-,455,अ
1806,आदिकर्त्रे,1,-,451,ए
1807,नमेरन्,1,-,451,न्
1808,व्यथिष्ठास्,1,-,448,स्
1809,भीतभीतस्,1,-,449,स्
1810,जेता,1,-,448,आ
1811,सपत्नान्,1,-,448,न्
1812,केशवस्य,1,-,449,अ
1813,वेपमानस्,1,-,449,स्
1814,किरीटी,1,-,449,ई
1815,नमस्कृत्वा,1,-,449,आ
1816,कृष्णम्,1,-,449,म्
1817,सगद्गदम्,1,-,449,म्
1818,स्थाने,1,स्वरादि,450,ए
1819,कस्मात्,1,-,451,त्
1820,हृषीकेश,1,-,15,अ
1821,प्रकीर्त्या,1,-,450,आ
1822,प्रहृष्यति,1,-,450,इ
1823,अनुरज्यते,1,-,450,ए
1824,रक्षांसि,1,-,450,इ
1825,भीतानि,1,-,450,इ
1826,नमस्यन्ति,1,-,450,इ
1827,सिद्धसङ्घास्,1,-,435,स्
1828,नदीनाम्,1,-,442,म्
1829,उत्तमाङ्गैस्,1,-,441,स्
1830,चूर्णितैस्,1,-,441,स्
1831,तपन्तम्,1,-,433,म्
1832,वेदितव्यम्,1,-,432,म्
1833,शाश्वतधर्मगोप्ता,1,-,432,आ
1834,अनादिमध्यान्तम्,1,-,433,म्
1835,अनन्तवीर्यम्,1,-,433,म्
1836,अनन्तबाहुम्,1,-,433,म्
1837,शशिसूर्यनेत्रम्,1,-,433,म्
1838,दीप्तहुताशवक्त्रम्,1,-,433,म्
1839,स्वतेजसा,1,-,433,आ
1840,द्यावापृथिव्योस्,1,-,434,स्
1841,दुर्निरीक्ष्यम्,1,-,431,म्
1842,व्याप्तम्,1,-,434,म्
1843,एकेन,1,-,434,अ
1844,अद्भुतम्,1,-,434,म्
1845,उग्रम्,1,-,434,म्
1846,लोकत्रयम्,1,-,434,म्
1847,सुरसङ्घास्,1,-,435,स्
1848,भीतास्,1,-,435,स्
1849,प्राञ्जलयस्,1,-,435,स्
1850,दीप्तानलार्कद्युतिम्,1,-,431,म्
1851,दीप्तिमन्तम्,1,-,431,म्
1852,स्वस्ति,1,स्वरादि,435,इ
1853,कमलासनस्थम्,1,-,429,म्
1854,अनेकधा,1,-,427,आ
1855,देवदेवस्य,1,-,427,अ
1856,विस्मयाविष्टस्,1,-,428,स्
1857,हृष्टरोमा,1,-,428,आ
1858,शिरसा,1,-,428,आ
1859,अभाषत,1,-,428,अ
1860,भूतविशेषसङ्घान्,1,-,429,न्
1861,ब्रह्माणम्,1,-,429,म्
1862,ऋषीन्,1,-,429,न्
1863,तेजोराशिम्,1,-,431,म्
1864,उरगान्,1,-,429,न्
1865,अनेकबाहूदरवक्त्रनेत्रम्,1,-,430,म्
1866,अनन्तरूपम्,1,-,430,म्
1867,अन्तम्,1,-,430,म्
1868,आदिम्,1,-,430,म्
1869,विश्वेश्वर,1,-,430,अ
1870,विश्वरूप,1,-,430,अ
1871,चक्रिणम्,1,-,431,म्
1872,गृणन्ति,1,-,435,इ
1873,महर्षिसिद्धसङ्घास्,1,-,435,स्
1874,सन्दृश्यन्ते,1,-,441,ए
1875,अवनिपालसङ्घैस्,1,-,440,स्
1876,विन्दामि,1,-,438,इ
1877,शमम्,1,-,438,म्
1878,मुखानि,1,-,439,इ
1879,कालानलसन्निभानि,1,-,439,इ
1880,जाने,1,-,439,ए
1881,लभे,1,-,439,ए
1882,शर्म,1,-,439,अ
1883,धृतराष्ट्रस्य,1,-,440,अ
1884,द्रोणस्,1,-,440,स्
1885,प्रव्यथितान्तरात्मा,1,-,438,आ
1886,सूतपुत्रस्,1,-,440,स्
1887,असौ,1,-,440,औ
1888,अस्मदीयैस्,1,-,440,स्
1889,योधमुख्यैस्,1,-,440,स्
1890,त्वरमाणास्,1,-,441,स्
1891,भयानकानि,1,-,441,इ
1892,विलग्नास्,1,-,441,स्
1893,दशनान्तरेषु,1,-,441,उ
1894,धृतिम्,1,-,438,म्
1895,दीप्तविशालनेत्रम्,1,-,438,म्
1896,स्तुवन्ति,1,-,435,इ
1897,गन्धर्वयक्षासुरसिद्धसङ्घास्,1,-,436,स्
1898,स्तुतिभिस्,1,-,435,स्
1899,पुष्कलाभिस्,1,-,435,स्
1900,रुद्रादित्यास्,1,-,436,स्
1901,वसवस्,1,-,436,स्
1902,साध्यास्,1,-,436,स्
1903,विश्वे,1,-,430,ए
1904,मरुतस्,1,-,436,स्
1905,उष्मपास्,1,-,436,स्
1906,वीक्षन्ते,1,-,436,ए
1907,व्यात्ताननम्,1,-,438,म्
1908,विस्मितास्,1,-,436,स्
1909,बहुवक्त्रनेत्रम्,1,-,437,म्
1910,बहुबाहूरुपादम्,1,-,437,म्
1911,बहूदरम्,1,-,437,म्
1912,बहुदंष्ट्राकरालम्,1,-,437,म्
1913,प्रव्यथितास्,1,-,437,स्
1914,नभःस्पृशम्,1,-,438,म्
1915,दीप्तमनेकवर्णम्,1,-,438,म्
1916,पृथिव्याम्,1,-,289,म्
1917,प्राणापानौ,1,-,231,औ
1918,पुण्यस्,1,-,289,स्
1919,लाघवम्,1,-,82,म्
1920,बहून्,1,-,83,न्
1921,वदिष्यन्ति,1,-,83,इ
1922,अहितास्,1,-,83,स्
1923,निन्दन्तस्,1,-,83,स्
1924,सामर्थ्यम्,1,-,83,म्
1925,दुःखतरम्,1,-,83,म्
1926,हतस्,1,-,54,स्
1927,प्राप्स्यसि,1,-,84,इ
1928,स्वर्गम्,1,-,84,म्
1929,भोक्ष्यसे,1,-,84,ए
1930,महीम्,1,-,84,म्
1931,कृतनिश्चयस्,1,-,84,स्
1932,सुखदुःखे,1,-,85,ए
1933,समे,1,-,85,ए
1934,लाभालाभौ,1,-,85,औ
1935,जयाजयौ,1,-,85,औ
1936,अभिहिता,1,-,86,आ
1937,अवाच्यवादान्,1,-,83,न्
1938,बहुमतस्,1,-,82,स्
1939,आसम्,1,-,59,म्
1940,मंस्यन्ते,1,-,82,ए
1941,स्वर्गद्वारम्,1,-,79,म्
1942,अपावृतम्,1,-,79,म्
1943,क्षत्रियास्,1,-,79,स्
1944,युद्धम्,1,-,79,म्
1945,सङ्ग्रामम्,1,-,80,म्
1946,करिष्यसि,1,-,80,इ
1947,कीर्तिम्,1,-,80,म्
1948,हित्वा,1,-,80,आ
1949,अकीर्तिम्,1,-,81,म्
1950,कथयिष्यन्ति,1,-,81,इ
1951,अव्ययाम्,1,-,81,म्
1952,सम्भावितस्य,1,-,81,अ
1953,अकीर्तिस्,1,-,81,स्
1954,मरणात्,1,-,81,त्
1955,अतिरिच्यते,1,-,81,ए
1956,रणात्,1,-,81,त्
1957,उपरतम्,1,-,82,म्
1958,साङ्ख्ये,1,-,86,ए
1959,बुद्धिरस्,1,-,86,स्
1960,योगे,1,-,86,ए
1961,कर्मबन्धम्,1,-,86,म्
1962,प्रति,1,प्रादि,51,इ
1963,भोगैश्वर्यप्रसक्तानाम्,1,-,91,म्
1964,अपहृतचेतसाम्,1,-,91,म्
1965,विधीयते,1,-,91,ए
1966,त्रैगुण्यविषयास्,1,-,92,स्
1967,वेदास्,1,-,92,स्
1968,निस्त्रैगुण्यस्,1,-,92,स्
1969,नित्यसत्त्वस्थस्,1,-,92,स्
1970,निर्योगक्षेमस्,1,-,92,स्
1971,आत्मवान्,1,-,92,न्
1972,यावान्,1,-,93,न्
1973,उदपाने,1,-,93,ए
1974,सम्प्लुतोदके,1,-,93,ए
1975,तावान्,1,-,93,न्
1976,ब्राह्मणस्य,1,-,93,अ
1977,विजानतस्,1,-,93,स्
1978,अधिकारस्,1,-,94,स्
1979,भोगैश्वर्यगतिम्,1,-,90,म्
1980,क्रियाविशेषबहुलाम्,1,-,90,म्
1981,जन्मकर्मफलप्रदाम्,1,-,90,म्
1982,बहुशाखास्,1,-,88,स्
1983,प्रहास्यसि,1,-,86,इ
1984,अभिक्रमनाशस्,1,-,87,स्
1985,प्रत्यवायस्,1,-,87,स्
1986,स्वल्पम्,1,-,87,म्
1987,त्रायते,1,-,87,ए
1988,महतस्,1,-,87,स्
1989,एक,1,-,88,अ
1990,अनन्तास्,1,-,88,स्
1991,स्वर्गपरास्,1,-,90,स्
1992,अव्यवसायिनाम्,1,-,88,म्
1993,पुष्पिताम्,1,-,89,म्
1994,वाचम्,1,-,89,म्
1995,अविपश्चितस्,1,-,89,स्
1996,वेदवादरतास्,1,-,89,स्
1997,वादिनस्,1,-,89,स्
1998,कामात्मानस्,1,-,90,स्
1999,उपपन्नम्,1,-,79,म्
2000,यदृच्छया,1,-,79,आ
2001,क्षत्रियस्य,1,-,78,अ
2002,घातयति,1,-,68,इ
2003,अविनाशि,1,-,64,इ
2004,विनाशम्,1,-,64,म्
2005,अर्हति,1,-,64,इ
2006,देहास्,1,-,65,स्
2007,नित्यस्य,1,-,65,अ
2008,उक्तास्,1,-,65,स्
2009,शरीरिणस्,1,-,65,स्
2010,अनाशिनस्,1,-,65,स्
2011,अप्रमेयस्य,1,-,65,अ
2012,हन्तारम्,1,-,66,म्
2013,हतम्,1,-,66,म्
2014,विजानीतस्,1,-,66,स्
2015,म्रियते,1,-,67,ए
2016,कदाचित्,1,-,67,त्
2017,भविता,1,-,67,आ
2018,शाश्वतस्,1,-,67,स्
2019,हन्यमाने,1,-,67,ए
2020,तत्त्वदर्शिभिस्,1,-,63,स्
2021,अनयोस्,1,-,63,स्
2022,दृष्टस्,1,-,63,स्
2023,आगमापायिनस्,1,-,61,स्
2024,भविष्यामस्,1,-,59,स्
2025,कौमारम्,1,-,60,म्
2026,यौवनम्,1,-,60,म्
2027,जरा,1,-,60,आ
2028,देहान्तरप्राप्तिस्,1,-,60,स्
2029,मात्रास्पर्शास्,1,-,61,स्
2030,शीतोष्णसुखदुःखदास्,1,-,61,स्
2031,अनित्यास्,1,-,61,स्
2032,सतस्,1,-,63,स्
2033,तितिक्षस्व,1,-,61,अ
2034,व्यथयन्ति,1,-,62,इ
2035,पुरुषर्षभ,1,-,62,अ
2036,समदुःखसुखम्,1,-,62,म्
2037,धीरम्,1,-,62,म्
2038,अमृतत्वाय,1,-,62,अ
2039,असतस्,1,-,63,स्
2040,अविनाशिनम्,1,-,68,म्
2041,वासांसि,1,-,69,इ
2042,युद्धात्,1,-,78,त्
2043,गृह्णाति,1,-,69,इ
2044,नित्यजातम्,1,-,73,म्
2045,मृतम्,1,-,73,म्
2046,शोचितुमर्हसि,1,-,73,इ
2047,जातस्य,1,-,74,अ
2048,ध्रुवस्,1,-,74,स्
2049,मृतस्य,1,-,74,अ
2050,अपरिहार्ये,1,-,74,ए
2051,अव्यक्तादीनि,1,-,75,इ
2052,व्यक्तमध्यानि,1,-,75,इ
2053,अव्यक्तनिधनानि,1,-,75,इ
2054,परिदेवना,1,-,75,आ
2055,वदति,1,-,76,इ
2056,शृणोति,1,-,76,इ
2057,अवध्यस्,1,-,77,स्
2058,अवेक्ष्य,1,-,78,अ
2059,विकम्पितुम्,1,-,78,म्
2060,धर्म्यात्,1,-,78,त्
2061,अनुशोचितुम्,1,-,72,म्
2062,अविकार्यस्,1,-,72,स्
2063,अचिन्त्यस्,1,-,72,स्
2064,क्लेदयन्ति,1,-,70,इ
2065,अपराणि,1,-,69,इ
2066,शरीराणि,1,-,69,इ
2067,अन्यानि,1,-,69,इ
2068,संयाति,1,-,69,इ
2069,छिन्दन्ति,1,-,70,इ
2070,शस्त्राणि,1,-,70,इ
2071,दहति,1,-,70,इ
2072,शोषयति,1,-,70,इ
2073,अचलस्,1,-,71,स्
2074,मारुतस्,1,-,70,स्
2075,अच्छेद्यस्,1,-,71,स्
2076,अदाह्यस्,1,-,71,स्
2077,अक्लेद्यस्,1,-,71,स्
2078,अशोष्यस्,1,-,71,स्
2079,सर्वगतस्,1,-,71,स्
2080,स्थाणुस्,1,-,71,स्
2081,फलेषु,1,-,94,उ
2082,कदाचन,1,-,94,अ
2083,कर्मफलहेतुस्,1,-,94,स्
2084,मोहयसि,1,-,121,इ
2085,अचलप्रतिष्ठम्,1,-,117,म्
2086,यद्वत्,1,-,117,त्
2087,तद्वत्,1,-,117,त्
2088,कामास्,1,-,117,स्
2089,कामकामी,1,-,117,ई
2090,पुमान्,1,-,118,न्
2091,ब्राह्मी,1,-,119,ई
2092,स्थितिस्,1,-,119,स्
2093,एनाम्,1,-,119,म्
2094,विमुह्यति,1,-,119,इ
2095,स्थित्वा,1,-,119,आ
2096,अस्याम्,1,-,119,म्
2097,ज्यायसी,1,-,120,ई
2098,मता,1,-,3,आ
2099,घोरे,1,-,120,ए
2100,नियोजयसि,1,-,120,इ
2101,व्यामिश्रेण,1,-,121,अ
2102,आपूर्यमाणम्,1,-,117,म्
2103,पश्यतस्,1,-,116,स्
2104,जाग्रति,1,-,116,इ
2105,हरति,1,-,114,इ
2106,आशु,1,-,112,उ
2107,पर्यवतिष्ठते,1,-,112,ए
2108,भावना,1,-,113,आ
2109,अभावयतस्,1,-,113,स्
2110,अशान्तस्य,1,-,113,अ
2111,चरताम्,1,-,114,म्
2112,अनुविधीयते,1,-,114,ए
2113,प्रज्ञाम्,1,-,114,म्
2114,यस्याम्,1,-,116,म्
2115,नावम्,1,-,114,म्
2116,अम्भसि,1,-,114,इ
2117,निगृहीतानि,1,-,115,इ
2118,या,1,-,6,आ
2119,तस्याम्,1,-,116,म्
2120,जागर्ति,1,-,116,इ
2121,संयमी,1,-,116,ई
2122,वाक्येन,1,-,121,अ
2123,वद,1,-,15,अ
2124,हानिस्,1,-,112,स्
2125,निश्चित्य,1,-,121,अ
2126,कर्मयोगम्,1,-,126,म्
2127,नियतम्,1,-,44,म्
2128,ज्यायस्,1,-,127,स्
2129,शरीरयात्रा,1,-,127,आ
2130,प्रसिद्ध्येत्,1,-,127,त्
2131,यज्ञार्थात्,1,-,128,त्
2132,अन्यत्र,1,-,128,अ
2133,कर्मबन्धनस्,1,-,128,स्
2134,अर्थम्,1,-,128,म्
2135,मुक्तसङ्गस्,1,-,128,स्
2136,सहयज्ञास्,1,-,129,स्
2137,सृष्ट्वा,1,-,129,आ
2138,प्रसविष्यध्वम्,1,-,129,म्
2139,इष्टकामधुक्,1,-,129,क्
2140,भावयत,1,-,113,अ
2141,भावयन्तु,1,-,130,उ
2142,भावयन्तस्,1,-,130,स्
2143,कर्मेन्द्रियैस्,1,-,126,स्
2144,आरभते,1,-,126,ए
2145,मिथ्याचारस्,1,-,125,स्
2146,नैष्कर्म्यम्,1,-,123,म्
2147,आप्नुयाम्,1,-,121,म्
2148,द्विविधा,1,-,122,आ
2149,निष्ठा,1,-,122,आ
2150,प्रोक्ता,1,-,122,आ
2151,ज्ञानयोगेन,1,-,122,अ
2152,साङ्ख्यानाम्,1,-,122,म्
2153,अनारम्भात्,1,-,123,त्
2154,संन्यसनात्,1,-,123,त्
2155,विमूढात्मा,1,-,125,आ
2156,समधिगच्छति,1,-,123,इ
2157,क्षणम्,1,-,48,म्
2158,अकर्मकृत्,1,-,124,त्
2159,कार्यते,1,-,124,ए
2160,प्रकृतिजैस्,1,-,124,स्
2161,कर्मेन्द्रियाणि,1,-,125,इ
2162,इन्द्रियार्थान्,1,-,125,न्
2163,प्रसन्नचेतसस्,1,-,112,स्
2164,सर्वदुःखानाम्,1,-,112,म्
2165,भूस्,1,-,94,स्
2166,तुष्टस्,1,-,102,स्
2167,जन्मबन्धविनिर्मुक्तास्,1,-,98,स्
2168,मोहकलिलम्,1,-,99,म्
2169,व्यतितरिष्यति,1,-,99,इ
2170,गन्तासि,1,-,99,इ
2171,निर्वेदम्,1,-,99,म्
2172,श्रोतव्यस्य,1,-,99,अ
2173,श्रुतस्य,1,-,99,अ
2174,श्रुतिविप्रतिपन्नास्,1,-,100,स्
2175,स्थास्यति,1,-,100,इ
2176,निश्चला,1,-,100,आ
2177,अचला,1,-,100,आ
2178,स्थितप्रज्ञस्य,1,-,101,अ
2179,भाषा,1,-,101,आ
2180,समाधिस्थस्य,1,-,101,अ
2181,प्रभाषेत,1,-,101,अ
2182,व्रजेत,1,-,101,अ
2183,प्रजहाति,1,-,102,इ
2184,मनीषिणस्,1,-,98,स्
2185,बुद्धियुक्तास्,1,-,98,स्
2186,कर्मजम्,1,-,98,म्
2187,अन्विच्छ,1,-,96,अ
2188,योगस्थस्,1,-,95,स्
2189,सिद्ध्यसिद्ध्योस्,1,-,95,स्
2190,समत्वम्,1,-,95,म्
2191,दूरेण,1,-,96,अ
2192,अवरम्,1,-,96,म्
2193,बुद्धियोगादत्,1,-,96,त्
2194,बुद्धौ,1,-,96,औ
2195,कृपणास्,1,-,96,स्
2196,कौशलम्,1,-,97,म्
2197,फलहेतवस्,1,-,96,स्
2198,बुद्धियुक्तस्,1,-,97,स्
2199,जहाति,1,-,97,इ
2200,उभे,1,-,97,ए
2201,सुकृतदुष्कृते,1,-,97,ए
2202,तस्मादत्,1,-,97,त्
2203,योगाय,1,-,97,अ
2204,मनोगतान्,1,-,102,न्
2205,स्थितप्रज्ञस्,1,-,101,स्
2206,प्रसादे,1,-,112,ए
2207,दुःखेषु,1,-,103,उ
2208,वशे,1,-,108,ए
2209,ध्यायतस्,1,-,109,स्
2210,पुंसस्,1,-,109,स्
2211,सङ्गात्,1,-,109,त्
2212,कामात्,1,-,90,त्
2213,क्रोधात्,1,-,110,त्
2214,सम्मोहस्,1,-,110,स्
2215,सम्मोहात्,1,-,110,त्
2216,स्मृतिविभ्रमस्,1,-,110,स्
2217,स्मृतिभ्रंशात्,1,-,110,त्
2218,बुद्धिनाशस्,1,-,110,स्
2219,बुद्धिनाशात्,1,-,110,त्
2220,रागद्वेषविमुक्तैस्,1,-,111,स्
2221,चरन्,1,-,111,न्
2222,आत्मवश्यैस्,1,-,111,स्
2223,विधेयात्मा,1,-,111,आ
2224,प्रसादम्,1,-,111,म्
2225,हरन्ति,1,-,107,इ
2226,प्रमाथीनि,1,-,107,इ
2227,विपश्चितस्,1,-,89,स्
2228,संहरते,1,-,105,ए
2229,अनुद्विग्नमनास्,1,-,103,स्
2230,सुखेषु,1,-,103,उ
2231,विगतस्पृहस्,1,-,103,स्
2232,वीतरागभयक्रोधस्,1,-,103,स्
2233,अनभिस्नेहस्,1,-,104,स्
2234,शुभाशुभम्,1,-,104,म्
2235,अभिनन्दति,1,-,104,इ
2236,कूर्मस्,1,-,105,स्
2237,पुरुषस्य,1,-,107,अ
2238,अङ्गानि,1,-,105,इ
2239,विषयास्,1,-,92,स्
2240,विनिवर्तन्ते,1,-,106,ए
2241,निराहारस्य,1,-,106,अ
2242,रसवर्जम्,1,-,106,म्
2243,अप्यस्य,1,-,106,अ
2244,यततस्,1,-,107,स्
2245,जनाधिपास्,1,-,59,स्
2246,अनुशोचन्ति,1,-,58,इ
2247,नृषु,1,-,288,उ
2248,अपराजितस्,1,-,17,स्
2249,महाबाहुस्,1,-,18,स्
2250,शङ्खान्,1,-,18,न्
2251,दध्मुस्,1,-,18,स्
2252,पृथक्पृथक्,1,-,18,क्
2253,घोषस्,1,-,19,स्
2254,धार्तराष्ट्राणाम्,1,-,19,म्
2255,हृदयानि,1,-,19,इ
2256,व्यदारयत्,1,-,19,त्
2257,नभस्,1,-,19,स्
2258,पृथिवीम्,1,-,19,म्
2259,तुमुलस्,1,-,13,स्
2260,अभ्यनुनादयन्,1,-,19,न्
2261,व्यवस्थितान्,1,-,20,न्
2262,कपिध्वजस्,1,-,20,स्
2263,प्रवृत्ते,1,-,20,ए
2264,शस्त्रसम्पाते,1,-,20,ए
2265,धनुस्,1,-,20,स्
2266,पृथिवीपते,1,-,18,ए
2267,सात्यकिस्,1,-,17,स्
2268,अगतासून्,1,-,58,न्
2269,धृष्टद्युम्नस्,1,-,17,स्
2270,शङ्खौ,1,-,14,औ
2271,प्रदध्मतुस्,1,-,14,स्
2272,पाञ्चजन्यम्,1,-,15,म्
2273,देवदत्तम्,1,-,15,म्
2274,पौण्ड्रम्,1,-,15,म्
2275,महाशङ्खम्,1,-,15,म्
2276,भीमकर्मा,1,-,15,आ
2277,वृकोदरस्,1,-,15,स्
2278,अनन्तविजयम्,1,-,16,म्
2279,कुन्तीपुत्रस्,1,-,16,स्
2280,युधिष्ठिरस्,1,-,16,स्
2281,नकुलस्,1,-,16,स्
2282,सहदेवस्,1,-,16,स्
2283,सुघोषमणिपुष्पकौ,1,-,16,औ
2284,काश्यस्,1,-,17,स्
2285,परमेष्वासस्,1,-,17,स्
2286,शिखण्डी,1,-,17,ई
2287,उद्यम्य,1,-,20,अ
2288,महीपते,1,-,21,ए
2289,रथम्,1,-,21,म्
2290,स्थापय,1,-,21,अ
2291,पितामहान्,1,-,26,न्
2292,आचार्यान्,1,-,26,न्
2293,मातुलान्,1,-,26,न्
2294,भ्रातॄन्,1,-,26,न्
2295,पुत्रान्,1,-,26,न्
2296,पौत्रान्,1,-,26,न्
2297,सखीन्,1,-,26,न्
2298,श्वशुरान्,1,-,27,न्
2299,सुहृदस्,1,-,27,स्
2300,समीक्ष्य,1,-,27,अ
2301,कौन्तेयस्,1,-,27,स्
2302,बन्धून्,1,-,27,न्
2303,कृपया,1,-,28,आ
2304,आविष्टस्,1,-,28,स्
2305,विषीदन्,1,-,28,न्
2306,युयुत्सुम्,1,-,28,म्
2307,सीदन्ति,1,-,29,इ
2308,पार्थस्,1,-,26,स्
2309,स्थितान्,1,-,20,न्
2310,कुरून्,1,-,25,न्
2311,धार्तराष्ट्रस्य,1,-,23,अ
2312,निरीक्षे,1,-,22,ए
2313,योद्धुकामान्,1,-,22,न्
2314,योद्धव्यम्,1,-,22,म्
2315,रणसमुद्यमे,1,-,22,ए
2316,योत्स्यमानान्,1,-,23,न्
2317,अवेक्षे,1,-,23,ए
2318,समागतास्,1,-,23,स्
2319,दुर्बुद्धेस्,1,-,23,स्
2320,समवेतान्,1,-,25,न्
2321,प्रियचिकीर्षवस्,1,-,23,स्
2322,गुडाकेशेन,1,-,24,अ
2323,उभयोर्मध्ये,1,-,24,ए
2324,स्थापयित्वा,1,-,24,आ
2325,रथोत्तमम्,1,-,24,म्
2326,भीष्मद्रोणप्रमुखतस्,1,-,25,स्
2327,महीक्षिताम्,1,-,25,म्
2328,दिव्यौ,1,-,14,औ
2329,माधवस्,1,-,14,स्
2330,स्थितौ,1,-,14,औ
2331,संज्ञार्थम्,1,-,7,म्
2332,भीमार्जुनसमास्,1,-,4,स्
2333,युधि,1,-,4,इ
2334,युयुधानस्,1,-,4,स्
2335,धृष्टकेतुस्,1,-,5,स्
2336,चेकितानस्,1,-,5,स्
2337,काशिराजस्,1,-,5,स्
2338,पुरुजित्,1,-,5,त्
2339,कुन्तिभोजस्,1,-,5,स्
2340,शैब्यस्,1,-,5,स्
2341,नरपुङ्गवस्,1,-,5,स्
2342,युधामन्युस्,1,-,6,स्
2343,विक्रान्तस्,1,-,6,स्
2344,उत्तमौजास्,1,-,6,स्
2345,विशिष्टास्,1,-,7,स्
2346,निबोध,1,-,7,अ
2347,द्विजोत्तम,1,-,7,अ
2348,नायकास्,1,-,7,स्
2349,महेष्वासास्,1,-,4,स्
2350,धीमता,1,-,3,आ
2351,शिष्येण,1,-,3,अ
2352,व्यूढम्,1,-,2,म्
2353,समवेतास्,1,-,1,स्
2354,युयुत्सवस्,1,-,1,स्
2355,मामकास्,1,-,1,स्
2356,पाण्डवास्,1,-,1,स्
2357,अकुर्वत,1,-,1,अ
2358,सञ्जय,1,-,1,अ
2359,पाण्डवानीकम्,1,-,2,म्
2360,दुर्योधनस्,1,-,2,स्
2361,द्रुपदपुत्रेण,1,-,3,अ
2362,आचार्यम्,1,-,2,म्
2363,उपसङ्गम्य,1,-,2,अ
2364,पाण्डुपुत्राणाम्,1,-,3,म्
2365,आचार्य,1,-,2,अ
2366,महतीम्,1,-,3,म्
2367,चमूम्,1,-,3,म्
2368,व्यूढाम्,1,-,3,म्
2369,सैन्यस्य,1,-,7,अ
2370,ब्रवीमि,1,-,7,इ
2371,स्यन्दने,1,-,14,ए
2372,कर्णस्,1,-,8,स्
2373,कुरुवृद्धस्,1,-,12,स्
2374,सिंहनादम्,1,-,12,म्
2375,विनद्य,1,-,12,अ
2376,उच्चैस्,1,स्वरादि,12,स्
2377,शङ्खम्,1,-,12,म्
2378,प्रतापवान्,1,-,12,न्
2379,शङ्खास्,1,-,13,स्
2380,भेर्यस्,1,-,13,स्
2381,पणवानकगोमुखास्,1,-,13,स्
2382,सहसा,1,स्वरादि,13,आ
2383,अभ्यहन्यन्त,1,-,13,अ
2384,शब्दस्तुमुलस्,1,-,13,स्
2385,अभवत्,1,-,13,त्
2386,श्वेतैस्,1,-,14,स्
2387,हयैस्,1,-,14,स्
2388,युक्ते,1,-,14,ए
2389,महति,1,-,14,इ
2390,हर्षम्,1,-,12,म्
2391,सञ्जनयन्,1,-,12,न्
2392,भवन्तस्,1,-,11,स्
2393,नानाशस्त्रप्रहरणास्,1,-,9,स्
2394,कृपस्,1,-,8,स्
2395,समितिञ्जयस्,1,-,8,स्
2396,अश्वत्थामास्,1,-,8,स्
2397,विकर्णस्,1,-,8,स्
2398,सौमदत्तिस्,1,-,8,स्
2399,मदर्थे,1,-,9,ए
2400,त्यक्तजीवितास्,1,-,9,स्
2401,युद्धविशारदास्,1,-,9,स्
2402,अभिरक्षन्तु,1,-,11,उ
2403,अपर्याप्तम्,1,-,10,म्
2404,भीष्माभिरक्षितम्,1,-,10,म्
2405,पर्याप्तम्,1,-,10,म्
2406,एतेषाम्,1,-,10,म्
2407,भीमाभिरक्षितम्,1,-,10,म्
2408,अयनेषु,1,-,11,उ
2409,यथाभागमवस्थितास्,1,-,11,स्
2410,गात्राणि,1,-,29,इ
2411,मुखम्,1,-,29,म्
2412,परिशुष्यति,1,-,29,इ
2413,हत्वार्थकामान्,1,-,52,न्
2414,विषमे,1,-,49,ए
2415,अनार्यजुष्टम्,1,-,49,म्
2416,अस्वर्ग्यम्,1,-,49,म्
2417,अकीर्तिकरम्,1,-,49,म्
2418,क्लैब्यम्,1,-,50,म्
2419,स्म,1,चादि,7,अ
2420,गमस्,1,-,50,स्
2421,त्वयि,1,-,50,इ
2422,क्षुद्रम्,1,-,50,म्
2423,हृदयदौर्बल्यम्,1,-,50,म्
2424,इषुभिस्,1,-,51,स्
2425,प्रतियोत्स्यामि,1,-,51,इ
2426,पूजार्हौ,1,-,51,औ
2427,अरिसूदन,1,-,51,अ
2428,अहत्वा,1,-,52,आ
2429,महानुभावान्,1,-,52,न्
2430,भोक्तुम्,1,-,52,म्
2431,कश्मलम्,1,-,49,म्
2432,त्वा,1,चादि,24,आ
2433,मधुसूदनस्,1,-,48,स्
2434,क्षेमतरम्,1,-,46,म्
2435,व्यवसितास्,1,-,45,स्
2436,राज्यसुखलोभेन,1,-,45,अ
2437,उद्यतास्,1,-,45,स्
2438,अप्रतीकारम्,1,-,46,म्
2439,अशस्त्रम्,1,-,46,म्
2440,शस्त्रपाणयस्,1,-,46,स्
2441,हन्युस्,1,-,46,स्
2442,एवमुक्त्वार्जुनस्,1,-,47,स्
2443,अश्रुपूर्णाकुलेक्षणम्,1,-,48,म्
2444,रथोपस्थे,1,-,47,ए
2445,उपाविशत्,1,-,47,त्
2446,विसृज्य,1,-,47,अ
2447,सशरम्,1,-,47,म्
2448,चापम्,1,-,47,म्
2449,शोकसंविग्नमानसस्,1,-,47,स्
2450,कृपयाविष्टम्,1,-,48,म्
2451,भैक्ष्यम्,1,-,52,म्
2452,भुञ्जीय,1,-,52,अ
2453,बत,1,चादि,45,अ
2454,रुधिरप्रदिग्धान्,1,-,52,न्
2455,भूमौ,1,-,55,औ
2456,असपत्नम्,1,-,55,म्
2457,ऋद्धम्,1,-,55,म्
2458,सुराणाम्,1,-,55,म्
2459,आधिपत्यम्,1,-,55,म्
2460,गुडाकेशस्,1,-,56,स्
2461,योत्स्ये,1,-,56,ए
2462,गोविन्दम्,1,-,56,म्
2463,तूष्णीम्,1,स्वरादि,56,म्
2464,बभूव,1,-,56,अ
2465,ह,1,चादि,3,अ
2466,प्रहसन्,1,-,57,न्
2467,अशोच्यान्,1,-,58,न्
2468,अन्वशोचस्,1,-,58,स्
2469,प्रज्ञावादान्,1,-,58,न्
2470,भाषसे,1,-,58,ए
2471,गतासून्,1,-,58,न्
2472,अवाप्य,1,-,55,अ
2473,उच्छोषणम्,1,-,55,म्
2474,शोकम्,1,-,55,म्
2475,प्रमुखे,1,-,53,ए
2476,विद्मस्,1,-,53,स्
2477,कतरत्,1,-,53,त्
2478,गरीयस्,1,-,53,स्
2479,जयेम,1,-,53,अ
2480,जयेयुस्,1,-,53,स्
2481,यान्,1,-,26,न्
2482,जिजीविषामस्,1,-,53,स्
2483,कार्पण्यदोषोपहतस्वभावस्,1,-,54,स्
2484,अपनुद्यात्,1,-,55,त्
2485,पृच्छामि,1,-,54,इ
2486,धर्मसम्मूढचेतास्,1,-,54,स्
2487,निश्चितम्,1,-,54,म्
2488,शिष्यस्,1,-,54,स्
2489,शाधि,1,-,54,इ
2490,प्रपन्नम्,1,-,54,म्
2491,प्रपश्यामि,1,-,55,इ
2492,महत्पापम्,1,-,45,म्
2493,अहो,1,चादि,45,ओ
2494,वेपथुस्,1,-,29,स्
2495,अर्हास्,1,-,37,स्
2496,अवस्थिता,1,-,22,आ
2497,धनानि,1,-,33,इ
2498,आचार्यास्,1,-,34,स्
2499,पितामहास्,1,-,34,स्
2500,मातुलास्,1,-,34,स्
2501,श्वशुरास्,1,-,34,स्
2502,पौत्रास्,1,-,34,स्
2503,श्यालास्,1,-,34,स्
2504,सम्बन्धिनस्,1,-,34,स्
2505,घ्नतस्,1,-,35,स्
2506,त्रैलोक्यराज्यस्य,1,-,35,अ
2507,हेतोस्,1,-,35,स्
2508,महीकृते,1,-,35,ए
2509,निहत्य,1,-,36,अ
2510,प्रीतिस्,1,-,36,स्
2511,आश्रयेत्,1,-,36,त्
2512,आततायिनस्,1,-,36,स्
2513,काङ्क्षितम्,1,-,33,म्
2514,जीवितेन,1,-,32,अ
2515,भोगैस्,1,-,32,स्
2516,अवस्थातुम्,1,-,30,म्
2517,रोमहर्षस्,1,-,29,स्
2518,गाण्डीवम्,1,-,30,म्
2519,स्रंसते,1,-,30,ए
2520,हस्तात्,1,-,30,त्
2521,त्वक्,1,-,30,क्
2522,परिदह्यते,1,-,30,ए
2523,शक्नोमि,1,-,30,इ
2524,भ्रमति,1,-,30,इ
2525,गोविन्द,1,-,32,अ
2526,निमित्तानि,1,-,31,इ
2527,विपरीतानि,1,-,31,इ
2528,अनुपश्यामि,1,-,31,इ
2529,आहवे,1,-,31,ए
2530,काङ्क्षे,1,-,32,ए
2531,विजयम्,1,-,16,म्
2532,राज्येन,1,-,32,अ
2533,तस्मान्,1,-,37,न्
2534,स्वबान्धवान्,1,-,37,न्
2535,अनुशुश्रुम,1,-,44,अ
2536,स्याम,1,-,37,अ
2537,दुष्टासु,1,-,41,उ
2538,वर्णसङ्करस्,1,-,41,स्
2539,सङ्करस्,1,-,41,स्
2540,नरकाय,1,-,42,अ
2541,कुलस्य,1,-,42,अ
2542,पतन्ति,1,-,42,इ
2543,एषाम्,1,-,42,म्
2544,लुप्तपिण्डोदकक्रियास्,1,-,42,स्
2545,दोषैस्,1,-,43,स्
2546,वर्णसङ्करकारकैस्,1,-,43,स्
2547,उत्साद्यन्ते,1,-,43,ए
2548,जातिधर्मास्,1,-,43,स्
2549,शाश्वतास्,1,-,43,स्
2550,उत्सन्नकुलधर्माणाम्,1,-,44,म्
2551,नरके,1,-,44,ए
2552,अनियतम्,1,-,44,म्
2553,वासस्,1,-,17,स्
2554,स्त्रीषु,1,-,41,उ
2555,कुलस्त्रियस्,1,-,41,स्
2556,प्रदुष्यन्ति,1,-,41,इ
2557,प्रपश्यद्भिस्,1,-,39,स्
2558,माधव,1,-,14,अ
2559,लोभोपहतचेतसस्,1,-,38,स्
2560,मित्रद्रोहे,1,-,38,ए
2561,पातकम्,1,-,38,म्
2562,अस्माभिस्,1,-,39,स्
2563,पापात्,1,-,39,त्
2564,निवर्तितुम्,1,-,39,म्
2565,कुलक्षये,1,-,40,ए
2566,अधर्माभिभवात्,1,-,41,त्
2567,प्रणश्यन्ति,1,-,40,इ
2568,सनातनास्,1,-,40,स्
2569,धर्मे,1,-,40,ए
2570,नष्टे,1,-,40,ए
2571,कुलम्,1,-,40,म्
2572,अधर्मस्,1,-,40,स्
2573,अभिभवति,1,-,40,इ
2574,अवाप्स्यथ,1,-,130,अ
2575,इष्टान्,1,-,131,न्
2576,दास्यन्ते,1,-,131,ए
2577,आरुरुक्षोस्,1,-,236,स्
2578,अनुषज्जते,1,-,237,ए
2579,सर्वसङ्कल्पसंन्यासी,1,-,237,ई
2580,योगारूढस्,1,-,236,स्
2581,उद्धरेत्,1,-,238,त्
2582,अवसादयेत्,1,-,238,त्
2583,रिपुस्,1,-,238,स्
2584,अनात्मनस्,1,-,239,स्
2585,शत्रुत्वे,1,-,239,ए
2586,वर्तेत,1,-,239,अ
2587,शत्रुवत्,1,-,239,त्
2588,जितात्मनस्,1,-,240,स्
2589,प्रशान्तस्य,1,-,240,अ
2590,समाहितस्,1,-,240,स्
2591,ज्ञानविज्ञानतृप्तात्मा,1,-,241,आ
2592,कूटस्थस्,1,-,241,स्
2593,विजितेन्द्रियस्,1,-,241,स्
2594,मित्रार्युदासीनमध्यस्थद्वेष्यबन्धुषु,1,-,242,उ
2595,योगारूढस्य,1,-,236,अ
2596,असंन्यस्तसङ्कल्पस्,1,-,235,स्
2597,यज्ञभावितास्,1,-,131,स्
2598,अक्रियस्,1,-,234,स्
2599,स्पर्शान्,1,-,231,न्
2600,बहिस्,1,स्वरादि,231,स्
2601,बाह्यान्,1,-,231,न्
2602,अन्तरे,1,-,231,ए
2603,कुरुक्षेत्रे,1,-,1,ए
2604,समौ,1,-,231,औ
2605,नासाभ्यन्तरचारिणौ,1,-,231,औ
2606,यतेन्द्रियमनस्,1,-,232,स्
2607,मोक्षपरायणस्,1,-,232,स्
2608,विगतेच्छाभयक्रोधस्,1,-,232,स्
2609,भोक्तारम्,1,-,233,म्
2610,यज्ञतपसाम्,1,-,233,म्
2611,सर्वलोकमहेश्वरम्,1,-,233,म्
2612,सुहृदम्,1,-,233,म्
2613,अनाश्रितस्,1,-,234,स्
2614,संन्यासी,1,-,207,ई
2615,निरग्निस्,1,-,234,स्
2616,साधुषु,1,-,242,उ
2617,पापेषु,1,-,242,उ
2618,समबुद्धिस्,1,-,242,स्
2619,युञ्जीत,1,-,243,अ
2620,स्वम्,1,-,246,म्
2621,अनवलोकयन्,1,-,246,न्
2622,प्रशान्तात्मा,1,-,247,आ
2623,विगतभीस्,1,-,247,स्
2624,ब्रह्मचारिव्रते,1,-,247,ए
2625,मच्चित्तस्,1,-,247,स्
2626,नियतमानसस्,1,-,248,स्
2627,निर्वाणपरमाम्,1,-,248,म्
2628,मत्संस्थाम्,1,-,248,म्
2629,अति,1,प्रादि,81,इ
2630,अश्नतस्,1,-,249,स्
2631,एकान्तम्,1,-,249,म्
2632,अनश्नतस्,1,-,249,स्
2633,अतिस्वप्नशीलस्य,1,-,249,अ
2634,जाग्रतस्,1,-,249,स्
2635,युक्ताहारविहारस्य,1,-,250,अ
2636,युक्तचेष्टस्य,1,-,250,अ
2637,नासिकाग्रम्,1,-,246,म्
2638,सम्प्रेक्ष्य,1,-,246,अ
2639,स्थिरस्,1,-,246,स्
2640,अत्युच्छ्रितम्,1,-,244,म्
2641,रहसि,1,-,243,इ
2642,एकाकी,1,-,243,ई
2643,अपरिग्रहस्,1,-,243,स्
2644,शुचौ,1,-,244,औ
2645,देशे,1,-,244,ए
2646,प्रतिष्ठाप्य,1,-,244,अ
2647,आसनम्,1,-,244,म्
2648,अतिनीचम्,1,-,244,म्
2649,कायशिरोग्रीवम्,1,-,246,म्
2650,चैलाजिनकुशोत्तरम्,1,-,244,म्
2651,एकाग्रम्,1,-,245,म्
2652,यतचित्तेन्द्रियक्रियस्,1,-,245,स्
2653,उपविश्य,1,-,245,अ
2654,आसने,1,-,245,ए
2655,युञ्ज्यात्,1,-,245,त्
2656,आत्मविशुद्धये,1,-,245,ए
2657,विदितात्मनाम्,1,-,230,म्
2658,अभितस्,1,-,230,स्
2659,यतचेतसाम्,1,-,230,म्
2660,विद्याविनयसम्पन्ने,1,-,222,ए
2661,कारयन्,1,-,217,न्
2662,कर्तृत्वम्,1,-,218,म्
2663,सृजति,1,-,218,इ
2664,कर्मफलसंयोगम्,1,-,218,म्
2665,आदत्ते,1,-,219,ए
2666,कस्यचित्,1,-,219,त्
2667,सुकृतम्,1,-,219,म्
2668,विभुस्,1,-,219,स्
2669,अज्ञानेन,1,-,219,अ
2670,मुह्यन्ति,1,-,219,इ
2671,जन्तवस्,1,-,219,स्
2672,नाशितम्,1,-,220,म्
2673,आदित्यवत्,1,-,220,त्
2674,आत्मानस्,1,-,221,स्
2675,निष्ठास्,1,-,221,स्
2676,परायणास्,1,-,191,स्
2677,अपुनरावृत्तिम्,1,-,221,म्
2678,पुरे,1,-,217,ए
2679,नवद्वारे,1,-,217,ए
2680,वशी,1,-,217,ई
2681,पद्मपत्रम्,1,-,214,म्
2682,श्वसन्,1,-,212,न्
2683,प्रलपन्,1,-,213,न्
2684,विसृजन्,1,-,213,न्
2685,गृह्णन्,1,-,213,न्
2686,उन्मिषन्,1,-,213,न्
2687,निमिषन्,1,-,213,न्
2688,पापेन,1,-,214,अ
2689,अम्भसा,1,-,214,आ
2690,सक्तस्,1,-,126,स्
2691,कायेन,1,-,215,अ
2692,केवलैस्,1,-,215,स्
2693,आत्मशुद्धये,1,-,215,ए
2694,नैष्ठिकीम्,1,-,216,म्
2695,अयुक्तस्,1,-,113,स्
2696,कामकारेण,1,-,216,अ
2697,फले,1,-,94,ए
2698,ज्ञाननिर्धूतकल्मषास्,1,-,221,स्
2699,ब्राह्मणे,1,-,222,ए
2700,यतीनाम्,1,-,230,म्
2701,गवि,1,-,222,इ
2702,आदि,1,-,220,इ
2703,रमते,1,-,226,ए
2704,बुधस्,1,-,226,स्
2705,शक्नोति,1,-,227,इ
2706,प्राक्,1,-,227,क्
2707,शरीरविमोक्षणात्,1,-,227,त्
2708,कामक्रोधोद्भवम्,1,-,227,म्
2709,वेगम्,1,-,227,म्
2710,सुखी,1,-,227,ई
2711,अन्तःसुखस्,1,-,228,स्
2712,अन्तरारामस्,1,-,228,स्
2713,अन्तर्ज्योतिस्,1,-,228,स्
2714,ब्रह्मभूतस्,1,-,228,स्
2715,क्षीणकल्मषास्,1,-,229,स्
2716,छिन्नद्वैधास्,1,-,229,स्
2717,यतात्मानस्,1,-,229,स्
2718,कामक्रोधवियुक्तानाम्,1,-,230,म्
2719,दुःखयोनयस्,1,-,226,स्
2720,संस्पर्शजास्,1,-,226,स्
2721,अक्षयम्,1,-,225,म्
2722,स्थितास्,1,-,11,स्
2723,हस्तिनि,1,-,222,इ
2724,शुनि,1,-,222,इ
2725,श्वपाके,1,-,222,ए
2726,समदर्शिनस्,1,-,222,स्
2727,सर्गस्,1,-,223,स्
2728,साम्ये,1,-,223,ए
2729,निर्दोषम्,1,-,223,म्
2730,प्रहृष्येत्,1,-,224,त्
2731,ब्रह्मयोगयुक्तात्मा,1,-,225,आ
2732,प्रियम्,1,-,224,म्
2733,उद्विजेत्,1,-,224,त्
2734,अप्रियम्,1,-,224,म्
2735,स्थिरबुद्धिस्,1,-,224,स्
2736,ब्रह्मवित्,1,-,224,त्
2737,बाह्यस्पर्शेषु,1,-,225,उ
2738,असक्तात्मा,1,-,225,आ
2739,युक्तस्वप्नावबोधस्य,1,-,250,अ
2740,दुःखहा,1,-,250,आ
2741,विनियतम्,1,-,251,म्
2742,अनेकजन्मसंसिद्धस्,1,-,278,स्
2743,शुचीनाम्,1,-,274,म्
2744,श्रीमताम्,1,-,274,म्
2745,गेहे,1,-,274,ए
2746,योगभ्रष्टस्,1,-,274,स्
2747,कुले,1,-,48,ए
2748,धीमताम्,1,-,275,म्
2749,दुर्लभतरम्,1,-,275,म्
2750,बुद्धिसंयोगम्,1,-,276,म्
2751,पौर्वदेहिकम्,1,-,276,म्
2752,यतते,1,-,276,ए
2753,संसिद्धौ,1,-,276,औ
2754,पूर्वाभ्यासेन,1,-,277,अ
2755,ह्रियते,1,-,277,ए
2756,योगस्य,1,-,277,अ
2757,शब्दब्रह्म,1,-,277,अ
2758,प्रयत्नात्,1,-,278,त्
2759,यतमानस्,1,-,278,स्
2760,समास्,1,-,4,स्
2761,शाश्वतीस्,1,-,274,स्
2762,उषित्वा,1,-,274,आ
2763,पथि,1,-,271,इ
2764,काम्,1,-,270,म्
2765,कच्चित्,1,चादि,271,त्
2766,उभयविभ्रष्टस्,1,-,271,स्
2767,छिन्नाभ्रम्,1,-,271,म्
2768,नश्यति,1,-,202,इ
2769,अप्रतिष्ठस्,1,-,271,स्
2770,विमूढस्,1,-,271,स्
2771,छेत्तुम्,1,-,272,म्
2772,पुण्यकृताम्,1,-,274,म्
2773,संशयस्य,1,-,272,अ
2774,छेत्ता,1,-,272,आ
2775,अमुत्र,1,-,273,अ
2776,विनाशस्,1,-,273,स्
2777,कल्याणकृत्,1,-,273,त्
2778,दुर्गतिम्,1,-,273,म्
2779,तात,1,-,30,अ
2780,संशुद्धकिल्बिषस्,1,-,278,स्
2781,तपस्विभ्यस्,1,-,279,स्
2782,चलितमानसस्,1,-,270,स्
2783,ज्ञानिभ्यस्,1,-,279,स्
2784,अन्याम्,1,-,285,म्
2785,जीवभूताम्,1,-,285,म्
2786,धार्यते,1,-,285,ए
2787,योनीनि,1,-,286,इ
2788,कृत्स्नस्य,1,-,286,अ
2789,परतरम्,1,-,287,म्
2790,प्रोतम्,1,-,287,म्
2791,सूत्रे,1,-,287,ए
2792,मणिगणास्,1,-,287,स्
2793,अप्सु,1,-,288,उ
2794,प्रभा,1,-,101,आ
2795,शशिसूर्ययोस्,1,-,288,स्
2796,प्रणवस्,1,-,288,स्
2797,सर्ववेदेषु,1,-,288,उ
2798,शब्दस्,1,-,13,स्
2799,खे,1,-,53,ए
2800,पौरुषम्,1,-,288,म्
2801,अपरा,1,-,17,आ
2802,अष्टधा,1,-,284,आ
2803,भिन्ना,1,-,284,आ
2804,सविज्ञानम्,1,-,282,म्
2805,कर्मिभ्यस्,1,-,279,स्
2806,गतेन,1,-,280,अ
2807,अन्तरात्मना,1,-,280,आ
2808,युक्ततमस्,1,-,280,स्
2809,आसक्तमनास्,1,-,281,स्
2810,आश्रयस्,1,-,281,स्
2811,ज्ञास्यसि,1,-,281,इ
2812,ज्ञातव्यम्,1,-,282,म्
2813,खम्,1,चादि,12,म्
2814,अवशिष्यते,1,-,282,ए
2815,सहस्रेषु,1,-,283,उ
2816,यतति,1,-,283,इ
2817,सिद्धये,1,-,283,ए
2818,यतताम्,1,-,283,म्
2819,भूमिस्,1,-,284,स्
2820,अनलस्,1,-,284,स्
2821,योगसंसिद्धिम्,1,-,270,म्
2822,योगात्,1,-,270,त्
2823,अवतिष्ठते,1,-,251,ए
2824,ब्रह्मभूतम्,1,-,260,म्
2825,दुःखसंयोगवियोगम्,1,-,256,म्
2826,योगसंज्ञितम्,1,-,256,म्
2827,निश्चयेन,1,-,256,अ
2828,योक्तव्यस्,1,-,256,स्
2829,अनिर्विण्णचेतसा,1,-,256,आ
2830,सङ्कल्पप्रभवान्,1,-,257,न्
2831,विनियम्य,1,-,257,अ
2832,समन्ततस्,1,-,257,स्
2833,उपरमेत्,1,-,258,त्
2834,धृतिगृहीतया,1,-,258,आ
2835,आत्मसंस्थम्,1,-,258,म्
2836,चिन्तयेत्,1,-,258,त्
2837,निश्चरति,1,-,259,इ
2838,अस्थिरम्,1,-,259,म्
2839,नयेत्,1,-,145,त्
2840,प्रशान्तमनसम्,1,-,260,म्
2841,योगिनम्,1,-,260,म्
2842,गुरुणा,1,-,255,आ
2843,दुःखेन,1,-,255,अ
2844,यस्मिन्,1,-,255,न्
2845,उपरमते,1,-,253,ए
2846,सर्वकामेभ्यस्,1,-,251,स्
2847,दीपस्,1,-,252,स्
2848,निवातस्थस्,1,-,252,स्
2849,उपमा,1,-,252,आ
2850,स्मृता,1,-,252,आ
2851,यतचित्तस्य,1,-,252,अ
2852,युञ्जतस्,1,-,252,स्
2853,निरुद्धम्,1,-,253,म्
2854,अधिकम्,1,-,255,म्
2855,योगसेवया,1,-,253,आ
2856,तुष्यति,1,-,253,इ
2857,आत्यन्तिकम्,1,-,254,म्
2858,बुद्धिग्राह्यम्,1,-,254,म्
2859,अतीन्द्रियम्,1,-,254,म्
2860,चलति,1,-,254,इ
2861,लाभम्,1,-,255,म्
2862,शान्तरजसम्,1,-,260,म्
2863,अकल्मषम्,1,-,260,म्
2864,उपेतस्,1,-,270,स्
2865,विगतकल्मषस्,1,-,261,स्
2866,दृढम्,1,-,267,म्
2867,निग्रहम्,1,-,267,म्
2868,वायोस्,1,-,267,स्
2869,सुदुष्करम्,1,-,267,म्
2870,दुर्निग्रहम्,1,-,268,म्
2871,चलम्,1,-,246,म्
2872,अभ्यासेन,1,-,268,अ
2873,वैराग्येण,1,-,268,अ
2874,गृह्यते,1,-,268,ए
2875,असंयतात्मना,1,-,269,आ
2876,दुष्प्रापस्,1,-,269,स्
2877,मतिस्,1,-,269,स्
2878,वश्यात्मना,1,-,269,आ
2879,यतता,1,-,269,आ
2880,अवाप्तुम्,1,-,269,म्
2881,उपायतस्,1,-,269,स्
2882,अयतिस्,1,-,270,स्
2883,बलवत्,1,-,267,त्
2884,प्रमाथि,1,-,267,इ
2885,स्थिराम्,1,-,266,म्
2886,प्रणश्यामि,1,-,263,इ
2887,सुखेन,1,-,261,अ
2888,ब्रह्मसंस्पर्शम्,1,-,261,म्
2889,अत्यन्तम्,1,-,261,म्
2890,सर्वभूतस्थम्,1,-,262,म्
2891,ईक्षते,1,-,262,ए
2892,योगयुक्तात्मा,1,-,225,आ
2893,समदर्शनस्,1,-,262,स्
2894,सर्वभूतस्थितम्,1,-,264,म्
2895,स्थितिम्,1,-,266,म्
2896,भजति,1,-,264,इ
2897,एकत्वम्,1,-,264,म्
2898,आत्मौपम्येन,1,-,265,अ
2899,परमस्,1,-,265,स्
2900,साम्येन,1,-,266,अ
2901,एतस्य,1,-,266,अ
2902,चञ्चलत्वात्,1,-,266,त्
2903,स्वपन्,1,-,212,न्
2904,गच्छन्,1,-,98,न्
2905,अश्नन्,1,-,212,न्
2906,मलेन,1,-,157,अ
2907,स्वनुष्ठितात्,1,-,154,त्
2908,स्वधर्मे,1,-,154,ए
2909,निधनम्,1,-,154,म्
2910,परधर्मस्,1,-,154,स्
2911,भयावहस्,1,-,154,स्
2912,केन,1,-,155,अ
2913,प्रयुक्तस्,1,-,155,स्
2914,अनिच्छन्,1,-,155,न्
2915,बलात्,1,स्वरादि,155,त्
2916,नियोजितस्,1,-,155,स्
2917,गुणसमुद्भवस्,1,-,156,स्
2918,महाशनस्,1,-,156,स्
2919,महापाप्मा,1,-,156,आ
2920,वैरिणम्,1,-,156,म्
2921,धूमेन,1,-,157,अ
2922,आव्रियते,1,-,157,ए
2923,वह्निस्,1,-,157,स्
2924,परधर्मात्,1,-,154,त्
2925,विगुणस्,1,-,154,स्
2926,स्वधर्मस्,1,-,154,स्
2927,चेष्टते,1,-,152,ए
2928,मानवास्,1,-,150,स्
2929,श्रद्धावन्तस्,1,-,150,स्
2930,अनसूयन्तस्,1,-,150,स्
2931,अभ्यसूयन्तस्,1,-,151,स्
2932,सर्वज्ञानविमूढान्,1,-,151,न्
2933,नष्टान्,1,-,151,न्
2934,अचेतसस्,1,-,151,स्
2935,स्वस्यास्,1,-,152,स्
2936,परिपन्थिनौ,1,-,153,औ
2937,निग्रहस्,1,-,152,स्
2938,करिष्यति,1,-,152,इ
2939,इन्द्रियस्य,1,-,153,अ
2940,इन्द्रियस्यार्थे,1,-,153,ए
2941,रागद्वेषौ,1,-,153,औ
2942,व्यवस्थितौ,1,-,153,औ
2943,आगच्छेत्,1,-,153,त्
2944,आदर्शस्,1,-,157,स्
2945,उल्बेन,1,-,157,अ
2946,अध्यात्मचेतसा,1,-,149,आ
2947,आवृतस्,1,-,157,स्
2948,विवस्वते,1,-,163,ए
2949,विवस्वान्,1,-,163,न्
2950,मनवे,1,-,163,ए
2951,प्राह,1,-,163,अ
2952,मनुस्,1,-,163,स्
2953,इक्ष्वाकवे,1,-,163,ए
2954,परम्पराप्राप्तम्,1,-,164,म्
2955,महता,1,-,164,आ
2956,नष्टस्,1,-,164,स्
2957,पुरातनस्,1,-,165,स्
2958,रहस्यम्,1,-,165,म्
2959,विवस्वतस्,1,-,166,स्
2960,विजानीयाम्,1,-,166,म्
2961,व्यतीतानि,1,-,167,इ
2962,जन्मानि,1,-,167,इ
2963,अव्ययात्मा,1,-,168,आ
2964,ईश्वरस्,1,-,168,स्
2965,दुरासदम्,1,-,162,म्
2966,कामरूपम्,1,-,162,म्
2967,शत्रुम्,1,-,162,म्
2968,पाप्मानम्,1,-,160,म्
2969,गर्भस्,1,-,157,स्
2970,नित्यवैरिणा,1,-,158,आ
2971,कामरूपेण,1,-,158,अ
2972,दुष्पूरेण,1,-,158,अ
2973,अनलेन,1,-,158,अ
2974,अधिष्ठानम्,1,-,159,म्
2975,विमोहयति,1,-,159,इ
2976,प्रजहि,1,-,160,इ
2977,संस्तभ्य,1,-,162,अ
2978,ज्ञानविज्ञाननाशनम्,1,-,160,म्
2979,पराणि,1,-,69,इ
2980,इन्द्रियेभ्यस्,1,-,161,स्
2981,मनसस्,1,-,161,स्
2982,परा,1,प्रादि,17,आ
2983,परतस्,1,-,161,स्
2984,बुद्ध्वा,1,-,162,आ
2985,विगतज्वरस्,1,-,149,स्
2986,विचालयेत्,1,-,148,त्
2987,आत्ममायया,1,-,168,आ
2988,सम्पश्यन्,1,-,139,न्
2989,प्रतिष्ठितम्,1,-,134,म्
2990,प्रवर्तितम्,1,-,135,म्
2991,चक्रम्,1,-,135,म्
2992,अनुवर्तयति,1,-,135,इ
2993,अघायुस्,1,-,135,स्
2994,इन्द्रियारामस्,1,-,135,स्
2995,मोघम्,1,-,135,म्
2996,जीवति,1,-,135,इ
2997,आत्मरतिस्,1,-,136,स्
2998,आत्मतृप्तस्,1,-,136,स्
2999,मानवस्,1,-,136,स्
3000,कृतेन,1,-,137,अ
3001,अकृतेन,1,-,137,अ
3002,अर्थव्यपाश्रयस्,1,-,137,स्
3003,आचरन्,1,-,138,न्
3004,कर्मणा,1,-,123,आ
3005,आस्थितास्,1,-,139,स्
3006,यज्ञे,1,-,134,ए
3007,अक्षरसमुद्भवम्,1,-,134,म्
3008,ब्रह्मोद्भवम्,1,-,134,म्
3009,भुञ्जते,1,-,132,ए
3010,दत्तान्,1,-,131,न्
3011,अप्रदाय,1,-,131,अ
3012,स्तेनस्,1,-,131,स्
3013,यज्ञशिष्ट,1,-,132,अ
3014,आशिनस्,1,-,132,स्
3015,सन्तस्,1,-,132,स्
3016,सर्वकिल्बिषैस्,1,-,132,स्
3017,अघम्,1,-,132,म्
3018,कर्मसमुद्भवस्,1,-,133,स्
3019,पापास्,1,-,132,स्
3020,पचन्ति,1,-,132,इ
3021,आत्मकारणात्,1,-,132,त्
3022,अन्नात्,1,-,133,त्
3023,पर्जन्यात्,1,-,133,त्
3024,अन्नसम्भवस्,1,-,133,स्
3025,पर्जन्यस्,1,-,133,स्
3026,जनकादयस्,1,-,139,स्
3027,आचरति,1,-,140,इ
3028,कृत्स्नवित्,1,-,148,त्
3029,श्रेष्ठस्,1,-,140,स्
3030,कुर्यात्,1,-,144,त्
3031,चिकीर्षुस्,1,-,144,स्
3032,बुद्धिभेदम्,1,-,145,म्
3033,जनयेत्,1,-,145,त्
3034,अज्ञानाम्,1,-,145,म्
3035,कर्मसङ्गिनाम्,1,-,145,म्
3036,जोषयेत्,1,-,145,त्
3037,समाचरन्,1,-,145,न्
3038,अहङ्कारविमूढात्मा,1,-,146,आ
3039,गुणकर्मविभागयोस्,1,-,147,स्
3040,गुणेषु,1,-,147,उ
3041,सज्जते,1,-,147,ए
3042,गुणसम्मूढास्,1,-,148,स्
3043,सज्जन्ते,1,-,148,ए
3044,गुणकर्मसु,1,-,148,उ
3045,अकृत्स्नविदस्,1,-,148,स्
3046,मन्दान्,1,-,148,न्
3047,अविद्वांसस्,1,-,144,स्
3048,सक्तास्,1,-,144,स्
3049,उपहन्याम्,1,-,143,म्
3050,किञ्चन,1,-,141,अ
3051,इतरस्,1,-,140,स्
3052,जनस्,1,-,140,स्
3053,प्रमाणम्,1,-,140,म्
3054,अनुवर्तते,1,-,140,ए
3055,कर्तव्यम्,1,-,141,म्
3056,त्रिषु,1,-,141,उ
3057,लोकेषु,1,-,141,उ
3058,अनवाप्तम्,1,-,141,म्
3059,स्याम्,1,-,116,म्
3060,अवाप्तव्यम्,1,-,141,म्
3061,वर्ते,1,-,141,ए
3062,वर्तेयम्,1,-,142,म्
3063,अतन्द्रितस्,1,-,142,स्
3064,उत्सीदेयुस्,1,-,143,स्
3065,कुर्याम्,1,-,143,म्
3066,सङ्करस्य,1,-,143,अ
3067,अधिष्ठाय,1,-,168,अ
3068,ग्लानिस्,1,-,169,स्
3069,जिघ्रन्,1,-,212,न्
3070,तत्परस्,1,-,201,स्
3071,परिसमाप्यते,1,-,195,ए
3072,प्रणिपातेन,1,-,196,अ
3073,परिप्रश्नेन,1,-,196,अ
3074,सेवया,1,-,196,आ
3075,उपदेक्ष्यन्ति,1,-,196,इ
3076,तत्त्वदर्शिनस्,1,-,196,स्
3077,द्रक्ष्यसि,1,-,197,इ
3078,अथो,1,चादि,197,ओ
3079,पापेभ्यस्,1,-,198,स्
3080,सर्वेभ्यस्,1,-,198,स्
3081,पापकृत्तमस्,1,-,198,स्
3082,ज्ञानप्लवेन,1,-,198,अ
3083,वृजिनम्,1,-,198,म्
3084,सन्तरिष्यसि,1,-,198,इ
3085,एधांसि,1,-,199,इ
3086,समिद्धस्,1,-,199,स्
3087,ज्ञानाग्निस्,1,-,199,स्
3088,ज्ञाने,1,-,195,ए
3089,कर्माखिलम्,1,-,195,म्
3090,ज्ञानयज्ञस्,1,-,195,स्
3091,नायम्,1,-,193,म्
3092,रुद्ध्वा,1,-,191,आ
3093,प्राणायामपरायणास्,1,-,191,स्
3094,नियताहारास्,1,-,192,स्
3095,प्राणेषु,1,-,192,उ
3096,यज्ञविदस्,1,-,192,स्
3097,यज्ञक्षपितकल्मषास्,1,-,192,स्
3098,यज्ञशिष्टामृतभुजस्,1,-,193,स्
3099,अयज्ञस्य,1,-,193,अ
3100,द्रव्यमयात्,1,-,195,त्
3101,कुरुसत्तम,1,-,193,अ
3102,बहुविधास्,1,-,194,स्
3103,यज्ञास्,1,-,129,स्
3104,विततास्,1,-,194,स्
3105,मुखे,1,-,53,ए
3106,कर्मजान्,1,-,194,न्
3107,विमोक्ष्यसे,1,-,194,ए
3108,योगसंसिद्धस्,1,-,200,स्
3109,संयतेन्द्रियस्,1,-,201,स्
3110,अपानम्,1,-,191,म्
3111,अचिरेणाधिगच्छति,1,-,201,इ
3112,बालास्,1,-,208,स्
3113,विन्दते,1,-,208,ए
3114,साङ्ख्यैस्,1,-,209,स्
3115,प्राप्यते,1,-,209,ए
3116,योगैस्,1,-,209,स्
3117,गम्यते,1,-,209,ए
3118,साङ्ख्यम्,1,-,209,म्
3119,अयोगतस्,1,-,210,स्
3120,नचिरेण,1,-,210,अ
3121,विशुद्धात्मा,1,-,211,आ
3122,विजितात्मा,1,-,211,आ
3123,जितेन्द्रियस्,1,-,211,स्
3124,सर्वभूतात्मभूतात्मा,1,-,211,आ
3125,करोमि,1,-,212,इ
3126,मन्येत,1,-,212,अ
3127,शृण्वन्,1,-,212,न्
3128,स्पृशन्,1,-,212,न्
3129,साङ्ख्ययोगौ,1,-,208,औ
3130,बन्धात्,1,-,207,त्
3131,नित्यसंन्यासी,1,-,207,ई
3132,अज्ञानसम्भूतम्,1,-,204,म्
3133,अज्ञस्,1,-,202,स्
3134,अश्रद्दधानस्,1,-,202,स्
3135,संशयात्मा,1,-,202,आ
3136,संशयात्मनस्,1,-,202,स्
3137,योगसंन्यस्तकर्माणम्,1,-,203,म्
3138,ज्ञानसञ्छिन्नसंशयम्,1,-,203,म्
3139,आत्मवन्तम्,1,-,203,म्
3140,हृत्स्थम्,1,-,204,म्
3141,कर्मसंन्यासात्,1,-,206,त्
3142,ज्ञानासिनात्मनस्,1,-,204,स्
3143,छित्त्वा,1,-,204,आ
3144,आतिष्ठ,1,-,204,अ
3145,शंससि,1,-,205,इ
3146,एतयोस्,1,-,205,स्
3147,सुनिश्चितम्,1,-,205,म्
3148,निःश्रेयसकरौ,1,-,206,औ
3149,प्राणापानगती,1,-,191,ई
3150,प्राणे,1,-,191,ए
3151,अभ्युत्थानम्,1,-,169,म्
3152,कर्मफलासङ्गम्,1,-,182,म्
3153,गुणकर्मविभागशस्,1,-,175,स्
3154,लिम्पन्ति,1,-,176,इ
3155,कर्मफले,1,-,176,ए
3156,बध्यते,1,-,176,ए
3157,मुमुक्षुभिस्,1,-,177,स्
3158,पूर्वतरम्,1,-,177,म्
3159,कवयस्,1,-,178,स्
3160,मोहितास्,1,-,178,स्
3161,विकर्मणस्,1,-,179,स्
3162,गहना,1,-,179,आ
3163,पश्येत्,1,-,180,त्
3164,बुद्धिमान्,1,-,180,न्
3165,मनुष्येषु,1,-,180,उ
3166,कृत्स्नकर्मकृत्,1,-,180,त्
3167,समारम्भास्,1,-,181,स्
3168,कामसङ्कल्पवर्जितास्,1,-,181,स्
3169,ज्ञानाग्निदग्धकर्माणम्,1,-,181,म्
3170,सृष्टम्,1,-,175,म्
3171,चातुर्वर्ण्यम्,1,-,175,म्
3172,कर्मजा,1,-,174,आ
3173,वीतरागभयक्रोधास्,1,-,172,स्
3174,अधर्मस्य,1,-,169,अ
3175,सृजामि,1,-,169,इ
3176,परित्राणाय,1,-,170,अ
3177,साधूनाम्,1,-,170,म्
3178,विनाशाय,1,-,170,अ
3179,दुष्कृताम्,1,-,170,म्
3180,धर्मसंस्थापनार्थाय,1,-,170,अ
3181,मन्मयास्,1,-,172,स्
3182,सिद्धिस्,1,-,174,स्
3183,उपाश्रितास्,1,-,172,स्
3184,ज्ञानतपसा,1,-,172,आ
3185,पूतास्,1,-,172,स्
3186,भजाम्यि,1,-,173,इ
3187,काङ्क्षन्तस्,1,-,174,स्
3188,देवतास्,1,-,174,स्
3189,मानुषे,1,-,174,ए
3190,पण्डितम्,1,-,181,म्
3191,नित्यतृप्तस्,1,-,182,स्
3192,अपाने,1,-,191,ए
3193,निराश्रयस्,1,-,182,स्
3194,ब्रह्मकर्मसमाधिना,1,-,186,आ
3195,दैवम्,1,-,187,म्
3196,यज्ञेन,1,-,187,अ
3197,उपजुह्वति,1,-,187,इ
3198,श्रोत्रादीनीन्द्रियाणि,1,-,188,इ
3199,संयमाग्निषु,1,-,188,उ
3200,शब्दादीन्,1,-,188,न्
3201,इन्द्रियाग्निषु,1,-,188,उ
3202,इन्द्रियकर्माणि,1,-,189,इ
3203,प्राणकर्माणि,1,-,189,इ
3204,आत्मसंयमयोगाग्नौ,1,-,189,औ
3205,ज्ञानदीपिते,1,-,189,ए
3206,द्रव्ययज्ञास्,1,-,190,स्
3207,तपोयज्ञास्,1,-,190,स्
3208,योगयज्ञास्,1,-,190,स्
3209,स्वाध्यायज्ञानयज्ञास्,1,-,190,स्
3210,संशितव्रतास्,1,-,190,स्
3211,गन्तव्यम्,1,-,186,म्
3212,ब्रह्मणा,1,-,186,आ
3213,हविस्,1,-,186,स्
3214,विमत्सरस्,1,-,184,स्
3215,अभिप्रवृत्तस्,1,-,182,स्
3216,त्यक्तसर्वपरिग्रहस्,1,-,183,स्
3217,शारीरम्,1,-,183,म्
3218,केवलम्,1,-,183,म्
3219,किल्बिषम्,1,-,183,म्
3220,यदृच्छालाभसन्तुष्टस्,1,-,184,स्
3221,द्वन्द्वातीतस्,1,-,184,स्
3222,सिद्धौ,1,-,184,औ
3223,ब्रह्मार्पणम्,1,-,186,म्
3224,असिद्धौ,1,-,184,औ
3225,गतसङ्गस्य,1,-,185,अ
3226,मुक्तस्य,1,-,185,अ
3227,ज्ञानावस्थितचेतसस्,1,-,185,स्
3228,यज्ञाय,1,-,185,अ
3229,आचरतस्,1,-,185,स्
3230,प्रविलीयते,1,-,185,ए
3231,एकान्तिकस्य,1,-,551,अ
